date,equity,cash,n_positions
2022-01-03,100000.0,100000.0,0
2022-01-04,100000.0,100000.0,0
2022-01-05,99977.10057261652,91641.15039447015,1
2022-01-06,100138.08228843905,74994.92192428805,3
2022-01-07,99915.74929723721,66659.85930356961,4
2022-01-10,99604.21159067031,74166.7524804103,3
2022-01-11,99628.54199685928,74166.7524804103,3
2022-01-12,99584.940357358,65893.92071548179,4
2022-01-13,99378.38014236167,65893.92071548179,4
2022-01-14,100224.95950517037,57649.339124768754,5
2022-01-18,98936.75864228584,57649.339124768754,5
2022-01-19,98271.2155368756,65411.82543830383,4
2022-01-20,96942.08071535171,73242.65017335952,3
2022-01-21,96332.17817284318,80440.12804009172,2
2022-01-24,96278.27563965652,87843.17592347,1
2022-01-25,96175.97566330765,87843.17592347,1
2022-01-26,96017.67832467821,84575.0283355501,2
2022-01-27,95786.57832334307,84575.0283355501,2
2022-01-28,95871.97853753832,84575.0283355501,2
2022-01-31,95792.5285024431,84575.0283355501,2
2022-02-01,96165.07853696612,84575.0283355501,2
2022-02-02,96087.92855451372,84575.0283355501,2
2022-02-03,96125.82861135271,84575.0283355501,2
2022-02-04,96216.47861669329,84575.0283355501,2
2022-02-07,96139.52831933764,84575.0283355501,2
2022-02-08,96294.66766533701,87509.26761803476,1
2022-02-09,96102.46740517466,87509.26761803476,1
2022-02-10,96035.81735787241,87509.26761803476,1
2022-02-11,95888.56783089487,87509.26761803476,1
2022-02-14,95924.2177599415,87509.26761803476,1
2022-02-15,96221.81747612802,87509.26761803476,1
2022-02-16,96203.21764168589,87509.26761803476,1
2022-02-17,95869.96740517466,87509.26761803476,1
2022-02-18,96188.4781052827,84346.45796368114,2
2022-02-22,95878.23806927196,84346.45796368114,2
2022-02-23,96102.88822338573,84346.45796368114,2
2022-02-24,96184.72086912229,81072.43040853574,3
2022-02-25,96434.43368452061,74815.67339437474,5
2022-02-28,96902.53365907307,71647.07361802693,6
2022-03-01,96817.1236687624,71647.07361802693,6
2022-03-02,97729.86417207356,71647.07361802693,6
2022-03-03,97489.56380509968,71697.97361802692,6
2022-03-04,97720.17330407735,71697.97361802694,6
2022-03-07,97638.12384461996,71697.97361802694,6
2022-03-08,97498.54346131918,71697.97361802694,6
2022-03-09,97758.65362596151,71697.97361802694,6
2022-03-10,98093.4232315981,71697.97361802694,6
2022-03-11,97816.50356530782,71697.97361802694,6
2022-03-14,96879.48821848886,77774.12824267404,4
2022-03-15,96832.89795893685,77774.12824267404,4
2022-03-16,97109.48827570931,77774.12824267404,4
2022-03-17,97268.59873789804,77774.12824267404,4
2022-03-18,97185.02809542672,77774.12824267404,4
2022-03-21,96970.51518669841,64820.16504898784,6
2022-03-22,97260.82502022502,64820.16504898784,6
2022-03-23,96855.68498364207,64820.16504898784,6
2022-03-24,97687.23558655498,64820.16504898784,6
2022-03-25,98188.09530678508,64820.16504898784,6
2022-03-28,98027.24480667827,64820.16504898784,6
2022-03-29,98678.60515824077,64820.16504898784,6
2022-03-30,97744.53471127269,64820.16504898784,6
2022-03-31,97349.6350702357,64820.16504898784,6
2022-04-01,97322.89815653292,70622.73833025423,5
2022-04-04,97390.24892217283,64122.32870656614,6
2022-04-05,96666.02256105424,70300.02209661485,5
2022-04-06,96477.17659486491,63935.4060689326,6
2022-04-07,95872.30708558904,69906.67700631963,5
2022-04-08,96053.15937450188,73988.87960555809,4
2022-04-11,95905.3733514704,76546.58348025459,4
2022-04-12,95765.12484011421,79538.19470247993,3
2022-04-13,96169.15063303366,76371.9508039321,4
2022-04-14,96056.74030893698,76371.9508039321,4
2022-04-18,96247.76303513987,70027.86309464915,6
2022-04-19,96303.25302537424,70027.86309464915,6
2022-04-20,96500.0131266926,70027.86309464915,6
2022-04-21,95624.49334367258,70027.86309464915,6
2022-04-22,94722.73830634488,76099.97814208402,5
2022-04-25,94231.79259320801,87960.88264295166,2
2022-04-26,93847.29300619294,80064.3128616922,3
2022-04-27,93853.1052926732,83043.82524811753,2
2022-04-28,94157.76916957005,75304.96948695286,3
2022-04-29,94170.74916052922,75304.96948695286,3
2022-05-02,94090.23725418998,78277.52730851127,2
2022-05-03,94662.14750294639,78277.52730851127,2
2022-05-04,95418.79711918785,78277.52730851127,2
2022-05-05,94557.12498971306,86759.33481141411,1
2022-05-06,94157.6937971795,94157.6937971795,0
2022-05-09,94157.6937971795,94157.6937971795,0
2022-05-10,94157.6937971795,94157.6937971795,0
2022-05-11,94157.6937971795,94157.6937971795,0
2022-05-12,94157.6937971795,94157.6937971795,0
2022-05-13,94157.6937971795,94157.6937971795,0
2022-05-16,94157.6937971795,94157.6937971795,0
2022-05-17,94157.6937971795,94157.6937971795,0
2022-05-18,94157.6937971795,94157.6937971795,0
2022-05-19,94157.6937971795,94157.6937971795,0
2022-05-20,94157.6937971795,94157.6937971795,0
2022-05-23,94157.6937971795,94157.6937971795,0
2022-05-24,94157.6937971795,94157.6937971795,0
2022-05-25,94157.6937971795,94157.6937971795,0
2022-05-26,94157.6937971795,94157.6937971795,0
2022-05-27,94157.6937971795,94157.6937971795,0
2022-05-31,94157.6937971795,94157.6937971795,0
2022-06-01,94157.6937971795,94157.6937971795,0
2022-06-02,94157.6937971795,94157.6937971795,0
2022-06-03,94157.6937971795,94157.6937971795,0
2022-06-06,94157.6937971795,94157.6937971795,0
2022-06-07,94157.6937971795,94157.6937971795,0
2022-06-08,94157.6937971795,94157.6937971795,0
2022-06-09,94157.6937971795,94157.6937971795,0
2022-06-10,94157.6937971795,94157.6937971795,0
2022-06-13,94157.6937971795,94157.6937971795,0
2022-06-14,94157.6937971795,94157.6937971795,0
2022-06-15,94157.6937971795,94157.6937971795,0
2022-06-16,94157.6937971795,94157.6937971795,0
2022-06-17,94157.6937971795,94157.6937971795,0
2022-06-21,94157.6937971795,94157.6937971795,0
2022-06-22,94157.6937971795,94157.6937971795,0
2022-06-23,94157.6937971795,94157.6937971795,0
2022-06-24,94157.6937971795,94157.6937971795,0
2022-06-27,94157.6937971795,94157.6937971795,0
2022-06-28,94157.6937971795,94157.6937971795,0
2022-06-29,94157.6937971795,94157.6937971795,0
2022-06-30,94157.6937971795,94157.6937971795,0
2022-07-01,94157.6937971795,94157.6937971795,0
2022-07-05,94157.6937971795,94157.6937971795,0
2022-07-06,94157.6937971795,94157.6937971795,0
2022-07-07,94157.6937971795,94157.6937971795,0
2022-07-08,94157.6937971795,94157.6937971795,0
2022-07-11,94157.6937971795,94157.6937971795,0
2022-07-12,94157.6937971795,94157.6937971795,0
2022-07-13,94157.6937971795,94157.6937971795,0
2022-07-14,94157.6937971795,94157.6937971795,0
2022-07-15,94157.6937971795,94157.6937971795,0
2022-07-18,94157.6937971795,94157.6937971795,0
2022-07-19,94157.6937971795,94157.6937971795,0
2022-07-20,93914.13391989909,86281.89370841227,1
2022-07-21,93974.19353217326,86281.89370841227,1
2022-07-22,93900.27360266887,86281.89370841227,1
2022-07-25,93927.99335593425,86281.89370841227,1
2022-07-26,93749.2858359398,93749.2858359398,0
2022-07-27,93749.2858359398,93749.2858359398,0
2022-07-28,93749.2858359398,93749.2858359398,0
2022-07-29,93749.2858359398,93749.2858359398,0
2022-08-01,93749.2858359398,93749.2858359398,0
2022-08-02,93749.2858359398,93749.2858359398,0
2022-08-03,93749.2858359398,93749.2858359398,0
2022-08-04,93749.2858359398,93749.2858359398,0
2022-08-05,93749.2858359398,93749.2858359398,0
2022-08-08,93749.2858359398,93749.2858359398,0
2022-08-09,93749.2858359398,93749.2858359398,0
2022-08-10,93749.2858359398,93749.2858359398,0
2022-08-11,93749.2858359398,93749.2858359398,0
2022-08-12,93749.2858359398,93749.2858359398,0
2022-08-15,93749.2858359398,93749.2858359398,0
2022-08-16,93749.2858359398,93749.2858359398,0
2022-08-17,93749.2858359398,93749.2858359398,0
2022-08-18,93749.2858359398,93749.2858359398,0
2022-08-19,93749.2858359398,93749.2858359398,0
2022-08-22,93749.2858359398,93749.2858359398,0
2022-08-23,93735.95396161385,85856.75413251229,1
2022-08-24,94071.25402570076,85856.75413251229,1
2022-08-25,93991.45406842537,85856.75413251229,1
2022-08-26,93742.25423932381,85856.75413251229,1
2022-08-29,93835.35436749764,85856.75413251229,1
2022-08-30,93675.05430341072,85856.75413251229,1
2022-08-31,93705.15432477303,85856.75413251229,1
2022-09-01,93596.65411114998,85856.75413251229,1
2022-09-02,93555.35436749764,85856.75413251229,1
2022-09-06,93494.4541752369,85856.75413251229,1
2022-09-07,93710.30316884199,78138.12289387861,2
2022-09-08,93803.27180331742,70573.12169498001,3
2022-09-09,93725.88904144269,77674.76907302838,2
2022-09-12,94040.63054809388,71585.17057571228,3
2022-09-13,93660.0906082135,71585.17057571228,3
2022-09-14,94040.12058028992,71585.17057571228,3
2022-09-15,93830.47043762024,71585.17057571228,3
2022-09-16,93636.66050318655,78992.32021311697,2
2022-09-19,93783.22074870046,78992.32021311697,2
2022-09-20,93445.18026331838,78992.32021311697,2
2022-09-21,93349.03022746023,78992.32021311697,2
2022-09-22,93001.02102365441,84708.60073938317,1
2022-09-23,92762.97070779747,84708.60073938317,1
2022-09-26,92665.68045511193,84708.60073938317,1
2022-09-27,92620.14099206871,84708.60073938317,1
2022-09-28,92785.74083414025,84708.60073938317,1
2022-09-29,92644.08160680716,81620.31185811941,2
2022-09-30,92549.60884235219,84518.00900028065,1
2022-10-03,92694.50900028065,84518.00900028065,1
2022-10-04,93054.68934772328,84518.00900028065,1
2022-10-05,92984.54564973377,81428.03574296497,2
2022-10-06,92880.34130744025,78339.20155600592,3
2022-10-07,92847.81144217536,78339.20155600592,3
2022-10-10,92868.97100312088,89835.17101151322,1
2022-10-11,92874.47091919754,89835.17101151322,1
2022-10-12,93022.42105347489,89835.17101151322,1
2022-10-13,93144.52091080521,89835.17101151322,1
2022-10-14,93115.92109543656,89835.17101151322,1
2022-10-17,93170.37097794388,89835.17101151322,1
2022-10-18,93113.72104508255,89835.17101151322,1
2022-10-19,93172.57102829788,89835.17101151322,1
2022-10-20,93170.71181621302,83694.101981542,2
2022-10-21,93314.15174236048,83694.101981542,2
2022-10-24,93417.11205329646,83694.101981542,2
2022-10-25,93648.82686656702,83741.016981542,2
2022-10-26,93567.9771875738,83741.016981542,2
2022-10-27,93618.10383647471,77530.0041679719,3
2022-10-28,93781.95394557505,77530.0041679719,3
2022-10-31,93968.0356585841,71311.33594296977,4
2022-11-01,93213.18491340283,65075.86480403546,5
2022-11-02,92882.32503295544,65075.86480403546,5
2022-11-03,93336.99737749455,59050.58800564168,6
2022-11-04,92691.77696355374,64880.892031035735,5
2022-11-07,92974.64062103932,64380.08563027088,5
2022-11-08,92684.14777094766,65036.21304757043,5
2022-11-09,91783.3491261626,70911.70402080067,4
2022-11-10,92258.37215183627,63094.33272598636,5
2022-11-11,92429.20549783007,58268.04082879321,5
2022-11-14,92259.37900360348,50665.80428226711,6
2022-11-15,93446.70929497006,50691.40428226711,6
2022-11-16,92367.73946159604,50691.40428226711,6
2022-11-17,92513.90923626069,57880.339595147416,5
2022-11-18,92223.68372985984,59237.21827003624,5
2022-11-21,91797.23319027093,59237.21827003624,5
2022-11-22,92649.32605491794,53020.42583118594,6
2022-11-23,92163.77421899792,59765.63439126965,5
2022-11-25,92354.96440263744,59765.63439126965,5
2022-11-28,91433.68407007214,59765.63439126965,5
2022-11-29,91829.26390977856,59765.63439126965,5
2022-11-30,92074.56320978534,65605.92315126788,4
2022-12-01,91345.47890547654,55894.04940108202,5
2022-12-02,91058.9599742374,70503.65924257846,3
2022-12-05,90354.49594320115,76151.22611249742,2
2022-12-06,90205.42594732103,76151.22611249742,2
2022-12-07,90001.33612073716,76151.22611249742,2
2022-12-08,90029.75621045884,76151.22611249742,2
2022-12-09,89586.0456754094,76151.22611249742,2
2022-12-12,90135.94614984619,73156.37969781982,3
2022-12-13,90502.1567268573,73156.37969781982,3
2022-12-14,90503.49000893862,70129.71393357546,4
2022-12-15,89986.83765946658,70129.71393357546,4
2022-12-16,89666.61252875598,74334.20795913013,4
2022-12-19,89703.18728368594,68379.68287198855,6
2022-12-20,90319.54827230288,68379.68287198855,6
2022-12-21,90492.26122348252,75382.8204676384,5
2022-12-22,90122.04260444753,78223.90954017751,4
2022-12-23,90262.944299699,78223.90954017751,4
2022-12-27,90280.95087242239,78223.90954017751,4
2022-12-28,89926.16302108877,78223.90954017751,4
2022-12-29,90082.11837342293,81031.86661103279,3
2022-12-30,90009.98664048225,81031.86661103279,3
2023-01-03,89981.85834839851,81031.86661103279,3
2023-01-04,89862.54592784,83846.44563944888,2
2023-01-05,89769.34559519839,83846.44563944888,2
2023-01-06,90004.95382197452,83846.44563944888,2
2023-01-09,90040.68959315371,83846.44563944888,2
2023-01-10,89765.32724260872,86649.72726702278,1
2023-01-11,89782.92734026497,86649.72726702278,1
2023-01-12,89871.32730364388,86649.72726702278,1
2023-01-13,89889.32718157356,86649.72726702278,1
2023-01-17,89864.12729143685,86649.72726702278,1
2023-01-18,89769.72726702278,86649.72726702278,1
2023-01-19,89731.32730364388,86649.72726702278,1
2023-01-20,89782.52725481575,86649.72726702278,1
2023-01-23,89787.72714495247,86649.72726702278,1
2023-01-24,89813.72720598763,86649.72726702278,1
2023-01-25,89798.52731585091,86649.72726702278,1
2023-01-26,89824.12729143685,86649.72726702278,1
2023-01-27,89801.32730364388,86649.72726702278,1
2023-01-30,89776.5271937806,86649.72726702278,1
2023-01-31,89893.32712053841,86649.72726702278,1
2023-02-01,90007.26733189989,80821.98728734422,2
2023-02-02,90086.7798824966,78113.57980925441,2
2023-02-03,90030.01999480129,78113.57980925441,2
2023-02-06,89824.44982725978,78113.57980925441,2
2023-02-07,89560.74754394626,83603.48732055759,1
2023-02-08,89896.16213772516,76032.23189327936,2
2023-02-09,89504.8865501997,81686.23668600293,1
2023-02-10,89590.32646871777,81686.23668600293,1
2023-02-13,89722.93695760937,81686.23668600293,1
2023-02-14,89918.82214765302,74207.02199582806,2
2023-02-15,90136.31234006635,74207.02199582806,2
2023-02-16,89906.03199582806,74220.53199582806,2
2023-02-17,90252.22204786053,74220.53199582806,2
2023-02-21,89522.87506736095,67006.94450248058,3
2023-02-22,89360.394522317,67006.94450248058,3
2023-02-23,88494.7293053541,74112.20904549693,2
2023-02-24,88197.78952797984,74112.20904549693,2
2023-02-27,88278.82446161703,81303.94427362875,1
2023-02-28,88407.97560184184,76319.01551883403,2
2023-03-01,88295.01515262309,76319.01551883403,2
2023-03-02,88064.20294787132,81095.70294787132,1
2023-03-03,88065.74310900414,81095.70294787132,1
2023-03-06,88137.90308214867,81095.70294787132,1
2023-03-07,87969.82275988304,81095.70294787132,1
2023-03-08,87988.0831358596,81095.70294787132,1
2023-03-09,87866.11235126754,87866.11235126754,0
2023-03-10,87866.11235126754,87866.11235126754,0
2023-03-13,87866.11235126754,87866.11235126754,0
2023-03-14,87866.11235126754,87866.11235126754,0
2023-03-15,87866.11235126754,87866.11235126754,0
2023-03-16,87866.11235126754,87866.11235126754,0
2023-03-17,87866.11235126754,87866.11235126754,0
2023-03-20,87881.91551851449,84997.50546907602,1
2023-03-21,87952.65538667855,84997.50546907602,1
2023-03-22,87925.65538667855,84997.50546907602,1
2023-03-23,87952.38553499398,84997.50546907602,1
2023-03-24,87994.23541139779,84997.50546907602,1
2023-03-27,87979.65538667855,84997.50546907602,1
2023-03-28,87997.20542787728,84997.50546907602,1
2023-03-29,88033.11547731576,84997.50546907602,1
2023-03-30,88061.46555971322,84997.50546907602,1
2023-03-31,88129.50546907602,84997.50546907602,1
2023-04-03,88112.22548555551,84997.50546907602,1
2023-04-04,88034.195502035,84997.50546907602,1
2023-04-05,88010.97548555551,84997.50546907602,1
2023-04-06,88035.00546907602,84997.50546907602,1
2023-04-10,88047.15538667855,84997.50546907602,1
2023-04-11,88057.95542787728,84997.50546907602,1
2023-04-12,88049.31543611703,84997.50546907602,1
2023-04-13,88083.06543611703,84997.50546907602,1
2023-04-14,88072.80551027475,84997.50546907602,1
2023-04-17,88084.95542787728,84997.50546907602,1
2023-04-18,88097.10555147348,84997.50546907602,1
2023-04-19,88094.67544435678,84997.50546907602,1
2023-04-20,88051.47548555551,84997.50546907602,1
2023-04-21,87974.25546907602,84997.50546907602,1
2023-04-24,88013.13553499398,84997.50546907602,1
2023-04-25,87908.64546083627,84997.50546907602,1
2023-04-26,87902.97548555551,84997.50546907602,1
2023-04-27,87932.945502035,84997.50546907602,1
2023-04-28,87921.87540315805,84997.50546907602,1
2023-05-01,87912.96555971322,84997.50546907602,1
2023-05-02,87881.37540315805,84997.50546907602,1
2023-05-03,88126.25134571113,82104.08143909492,2
2023-05-04,88078.42964608074,85259.98961312175,1
2023-05-05,88147.43435562427,79393.4343098479,2
2023-05-08,88131.13418472583,79393.4343098479,2
2023-05-09,88070.15405166919,79393.4343098479,2
2023-05-10,88085.04418838794,79393.4343098479,2
2023-05-11,88020.97447098071,79393.4343098479,2
2023-05-12,88027.94419754321,79393.4343098479,2
2023-05-15,88076.43438614185,79393.4343098479,2
2023-05-16,88023.30457962329,79393.4343098479,2
2023-05-17,88122.77418411548,79393.4343098479,2
2023-05-18,88361.4643086272,79393.4343098479,2
2023-05-19,88390.00466812427,79393.4343098479,2
2023-05-22,88391.33718543581,73500.40687995485,3
2023-05-23,88214.09688430361,73500.40687995485,3
2023-05-24,88025.0367646747,73500.40687995485,3
2023-05-25,88139.26674132876,73500.40687995485,3
2023-05-26,88232.12655883364,73500.40687995485,3
2023-05-30,88190.86674022007,67705.7970170908,4
2023-05-31,88001.68644809055,67705.7970170908,4
2023-06-01,88265.12494203611,61905.62512132689,5
2023-06-02,89195.51574823423,61905.62512132689,5
2023-06-05,89055.2455723004,61905.62512132689,5
2023-06-06,89449.75499460264,61905.62512132689,5
2023-06-07,89769.05559846922,61905.62512132689,5
2023-06-08,89953.42271913907,68340.47286905667,4
2023-06-09,89786.5628005447,68340.47286905667,4
2023-06-12,89837.22320284268,68340.47286905667,4
2023-06-13,90066.28266634366,68340.47286905667,4
2023-06-14,90039.56243242642,68340.47286905667,4
2023-06-15,90240.95284571072,68349.72286905667,4
2023-06-16,90179.13287081143,68349.72286905667,4
2023-06-20,90155.42285837552,68349.72286905667,4
2023-06-21,90351.52345194241,68349.72286905667,4
2023-06-22,90329.41940208324,53365.7894162739,6
2023-06-23,89607.52949043163,53365.7894162739,6
2023-06-26,89640.00961776622,53365.7894162739,6
2023-06-27,90317.13926406749,53365.7894162739,6
2023-06-28,90673.18671182022,60024.446679624176,5
2023-06-29,91325.06691056595,60037.226679624175,5
2023-06-30,92397.08181559868,52348.672176240165,6
2023-07-03,92319.45240152051,61067.922450424936,5
2023-07-05,91828.07243478467,61067.922450424936,5
2023-07-06,91415.67234170606,61067.922450424936,5
2023-07-07,91897.282832505,61067.922450424936,5
2023-07-10,92447.6964171229,53493.416216164645,6
2023-07-11,92962.14546802622,53493.416216164645,6
2023-07-12,93187.44016301798,62242.47083890604,5
2023-07-13,93452.0503152454,54465.35051856876,6
2023-07-14,93508.76446825253,61034.445162832606,5
2023-07-17,93729.2143411653,67456.47428989576,4
2023-07-18,94222.67418003248,67456.47428989576,4
2023-07-19,94102.53369225361,59628.89435662129,5
2023-07-20,93915.75451363422,59628.89435662129,5
2023-07-21,93472.30563102305,51803.99519095957,6
2023-07-24,93657.46505485117,51803.99519095957,6
2023-07-25,93828.48539863169,51803.99519095957,6
2023-07-26,93818.67542396128,51803.99519095957,6
2023-07-27,93140.58412277159,54527.56366455014,5
2023-07-28,94368.34450455685,46709.64481659908,6
2023-07-31,94868.17502900143,46709.64481659908,6
2023-08-01,94619.17533036252,46709.64481659908,6
2023-08-02,94844.83446808835,46709.64481659908,6
2023-08-03,95305.56753141324,54881.048019236725,5
2023-08-04,95253.96055657901,55331.070972991365,5
2023-08-07,95333.47925213462,39638.06858090049,6
2023-08-08,95101.42840222007,39638.06858090049,6
2023-08-09,95020.72792843467,39638.06858090049,6
2023-08-10,94386.3592989791,39638.06858090049,6
2023-08-11,94787.01809338218,39638.06858090049,6
2023-08-14,94446.75791958458,39638.06858090049,6
2023-08-15,93730.33899928916,46974.10928203452,5
2023-08-16,93083.38859263713,54316.3386925822,4
2023-08-17,92827.64820948894,54316.3386925822,4
2023-08-18,92994.30893794353,54316.3386925822,4
2023-08-21,92932.14764872844,54316.3386925822,4
2023-08-22,92590.1578797465,54316.3386925822,4
2023-08-23,93234.69863978679,54316.3386925822,4
2023-08-24,92515.62403037358,38694.843825600634,5
2023-08-25,92655.03459479619,38694.843825600634,5
2023-08-28,93193.96416404058,38694.843825600634,5
2023-08-29,93426.64308097173,38694.843825600634,5
2023-08-30,93959.76316764165,38694.843825600634,5
2023-08-31,94318.03354575444,38694.843825600634,5
2023-09-01,95292.41289450933,38694.843825600634,5
2023-09-05,94676.94411399175,38694.843825600634,5
2023-09-06,94900.71706335616,23058.195838380572,6
2023-09-07,94854.33592169356,23058.195838380572,6
2023-09-08,94960.93508474898,23058.195838380572,6
2023-09-11,95558.37500326705,23058.195838380572,6
2023-09-12,96102.78615515304,23058.195838380572,6
2023-09-13,94903.64622824264,23058.195838380572,6
2023-09-14,94885.53544728985,31030.58555715313,5
2023-09-15,94152.26573763788,15424.146917447451,6
2023-09-18,94755.66682635248,15424.146917447451,6
2023-09-19,94043.2956982702,15424.146917447451,6
2023-09-20,92910.7560864538,15424.146917447451,6
2023-09-21,91406.09708605707,15424.146917447451,6
2023-09-22,91570.05753909051,15424.146917447451,6
2023-09-25,92827.50772677362,15424.146917447451,6
2023-09-26,92318.67738161981,15424.146917447451,6
2023-09-27,94557.88701067865,15424.146917447451,6
2023-09-28,94959.89722643793,15424.146917447451,6
2023-09-29,93618.0888119787,15424.146917447451,6
2023-10-02,92473.54678545892,15424.146917447451,6
2023-10-03,91988.32991051063,22771.168209308235,5
2023-10-04,90536.48860954627,22771.168209308235,5
2023-10-05,90644.73792290076,22771.168209308235,5
2023-10-06,92429.67798637733,22771.168209308235,5
2023-10-09,94853.28746437415,22771.168209308235,5
2023-10-10,95334.17966865882,22771.168209308235,5
2023-10-11,95638.40810417518,22771.168209308235,5
2023-10-12,95183.1477510868,22771.168209308235,5
2023-10-13,94862.46826958045,22771.168209308235,5
2023-10-16,95849.89552709562,30194.64556905729,4
2023-10-17,96518.6353761862,30194.64556905729,4
2023-10-18,95468.88619253141,30194.64556905729,4
2023-10-19,94819.34567281706,30194.64556905729,4
2023-10-20,93721.87556859953,30194.64556905729,4
2023-10-23,93370.67523595793,30194.64556905729,4
2023-10-24,94187.55698034269,30194.64556905729,4
2023-10-25,93509.06675359709,30194.64556905729,4
2023-10-26,92464.62578985197,30194.64556905729,4
2023-10-27,93453.05568104482,14769.525647933246,5
2023-10-30,93365.12514668202,14769.525647933246,5
2023-10-31,91805.45254332492,28794.383714742162,4
2023-11-01,92784.50448424289,28794.383714742162,4
2023-11-02,94454.61408812473,28794.383714742162,4
2023-11-03,96030.25346953342,28794.383714742162,4
2023-11-06,96128.16103317562,22698.161334536704,5
2023-11-07,94323.70191147152,22698.161334536704,5
2023-11-08,93686.33437379415,38461.7151492458,4
2023-11-09,93713.25472672994,38461.7151492458,4
2023-11-10,94019.07608827169,38461.7151492458,4
2023-11-13,94193.90593751485,38461.7151492458,4
2023-11-14,95670.70492204244,38461.7151492458,4
2023-11-15,95356.45437654073,38461.7151492458,4
2023-11-16,95089.35554154927,38461.7151492458,4
2023-11-17,95854.93380006368,38461.7151492458,4
2023-11-20,96618.59499391133,38461.7151492458,4
2023-11-21,96537.26514085347,38461.7151492458,4
2023-11-22,96509.83588441426,38461.7151492458,4
2023-11-24,96486.58496125753,38461.7151492458,4
2023-11-27,96223.18472322042,38461.7151492458,4
2023-11-28,95449.5060351711,38461.7151492458,4
2023-11-29,96080.13443025167,38461.7151492458,4
2023-11-30,96628.49492677266,38461.7151492458,4
2023-12-01,97148.65605577047,38461.7151492458,4
2023-12-04,97471.0851291042,38461.7151492458,4
2023-12-05,96772.76530488546,38461.7151492458,4
2023-12-06,96431.53436692769,38461.7151492458,4
2023-12-07,96697.13500245626,38461.7151492458,4
2023-12-08,96841.52655824239,38461.7151492458,4
2023-12-11,97420.57428010518,38461.7151492458,4
2023-12-12,97590.47775770561,45486.44835783379,3
2023-12-13,97870.759431137,45486.44835783379,3
2023-12-14,97826.44859053032,45486.44835783379,3
2023-12-15,97682.36897398368,45486.44835783379,3
2023-12-18,99007.9641935071,29147.554788752466,5
2023-12-19,100210.78058068361,29147.554788752466,5
2023-12-20,99100.76777855959,29147.554788752466,5
2023-12-21,99728.40180413332,29147.554788752466,5
2023-12-22,100210.38208977785,29147.554788752466,5
2023-12-26,100626.5773412427,29147.554788752466,5
2023-12-27,100476.75195138063,29147.554788752466,5
2023-12-28,99781.64102761354,29147.554788752466,5
2023-12-29,99524.5112134656,29147.554788752466,5
2024-01-02,99093.4213697156,29147.554788752466,5
2024-01-03,98426.9244367322,29147.554788752466,5
2024-01-04,98051.77329800668,37184.71000454964,4
2024-01-05,97228.571252566,37184.71000454964,4
2024-01-08,97296.02375577035,37184.71000454964,4
2024-01-09,97339.84158247412,29098.521641430278,5
2024-01-10,96581.89867943228,29098.521641430278,5
2024-01-11,96190.63216799201,29098.521641430278,5
2024-01-12,96497.1373240322,29098.521641430278,5
2024-01-16,97022.03117578925,29098.521641430278,5
2024-01-17,97116.65196054877,29098.521641430278,5
2024-01-18,97755.66444986762,29098.521641430278,5
2024-01-19,98334.67846172751,29098.521641430278,5
2024-01-22,99913.55564468802,29098.521641430278,5
2024-01-23,99684.00195902289,29098.521641430278,5
2024-01-24,99046.92504280509,29098.521641430278,5
2024-01-25,99294.57490973404,46852.094831990515,4
2024-01-26,100353.58445982865,46852.094831990515,4
2024-01-29,100796.53104834488,46852.094831990515,4
2024-01-30,101185.58236843857,55766.99488217147,3
2024-01-31,100039.4086394957,55766.99488217147,3
2024-02-01,100737.98732387261,47376.60055934625,4
2024-02-02,100374.3008156939,47376.60055934625,4
2024-02-05,99719.12731319146,47580.54055934625,4
2024-02-06,99736.48187404351,47580.54055934625,4
2024-02-07,99819.78743892389,47580.54055934625,4
2024-02-08,100883.32431941705,47580.54055934625,4
2024-02-09,101591.75399165826,47580.54055934625,4
2024-02-12,101953.29024654107,47580.54055934625,4
2024-02-13,100145.65458827691,47580.54055934625,4
2024-02-14,100756.26786189752,47580.54055934625,4
2024-02-15,101834.38348005604,39160.787410720106,5
2024-02-16,100035.85053298672,44657.12368438443,5
2024-02-20,100091.337320705,36452.347391505784,6
2024-02-21,101075.34427700756,44423.068276031,5
2024-02-22,101421.7196896911,43935.82385381464,5
2024-02-23,100709.4600690246,43935.82385381464,5
2024-02-26,99789.03431381319,37239.77931655977,6
2024-02-27,99829.17586196992,37239.77931655977,6
2024-02-28,99780.18027175996,37239.77931655977,6
2024-02-29,100236.40707840059,37239.77931655977,6
2024-03-01,100124.09042800996,37239.77931655977,6
2024-03-04,100056.13871793624,45116.70477323409,5
2024-03-05,99678.31743387115,38548.266294039604,6
2024-03-06,99615.12550882233,38548.266294039604,6
2024-03-07,99750.86719278229,38548.266294039604,6
2024-03-08,99842.74137643707,38548.266294039604,6
2024-03-11,99699.49282602203,38548.266294039604,6
2024-03-12,100322.33297494781,38548.266294039604,6
2024-03-13,101591.29997018707,38548.266294039604,6
2024-03-14,101639.13967660797,38548.266294039604,6
2024-03-15,102109.32845071686,38548.266294039604,6
2024-03-18,101943.32678750885,38548.266294039604,6
2024-03-19,102781.28772500885,38548.266294039604,6
2024-03-20,103341.81417679333,45714.63665604138,5
2024-03-21,104572.38777990377,55028.133537960406,4
2024-03-22,104045.74435491598,55028.133537960406,4
2024-03-25,104150.14958257711,55028.133537960406,4
2024-03-26,104500.19087286032,55028.133537960406,4
2024-03-27,104505.83043737448,55028.133537960406,4
2024-03-28,105068.57032808888,62541.77350649465,3
2024-04-01,105056.47943579988,71610.44046485261,2
2024-04-02,106012.5703705533,71610.44046485261,2
2024-04-03,106311.94134223298,71610.44046485261,2
2024-04-04,106617.26988684968,71610.44046485261,2
2024-04-05,106821.3902558072,71610.44046485261,2
2024-04-08,106537.66991126374,71610.44046485261,2
2024-04-09,106058.59109198884,71610.44046485261,2
2024-04-10,106279.889981149,71610.44046485261,2
2024-04-11,106085.33188330964,71610.44046485261,2
2024-04-12,105435.21957099275,71610.44046485261,2
2024-04-15,105031.55973517732,71610.44046485261,2
2024-04-16,104365.47971045808,71610.44046485261,2
2024-04-17,103918.73025977449,71610.44046485261,2
2024-04-18,103741.13126838044,71610.44046485261,2
2024-04-19,104351.14135444001,71610.44046485261,2
2024-04-22,104535.28052222566,71610.44046485261,2
2024-04-23,105200.52109229402,71610.44046485261,2
2024-04-24,105096.52071082429,71610.44046485261,2
2024-04-25,105249.25191199617,71610.44046485261,2
2024-04-26,105532.41454473362,62944.44360891208,3
2024-04-29,105414.40238157139,62944.44360891208,3
2024-04-30,103571.06425824985,62944.44360891208,3
2024-05-01,104922.7758866694,96579.33568586374,1
2024-05-02,105268.24179672658,78690.92140793263,2
2024-05-03,105353.71072220265,78690.92140793263,2
2024-05-06,106983.94113183138,60803.401149989346,3
2024-05-07,107136.05132889864,60803.401149989346,3
2024-05-08,106790.60168671724,60803.401149989346,3
2024-05-09,107154.81175828096,60803.401149989346,3
2024-05-10,106855.0021460068,60803.401149989346,3
2024-05-13,107071.79017853853,60803.401149989346,3
2024-05-14,107054.08114838717,60803.401149989346,3
2024-05-15,107840.18206429598,60803.401149989346,3
2024-05-16,107277.66129899141,60803.401149989346,3
2024-05-17,107688.91121888277,60803.401149989346,3
2024-05-20,108315.34225602266,60819.85114998934,3
2024-05-21,108544.59029336093,60819.85114998934,3
2024-05-22,107948.89107842563,60819.85114998934,3
2024-05-23,107501.80135293124,60819.85114998934,3
2024-05-24,108061.94055504916,60819.85114998934,3
2024-05-28,108564.71994219137,42644.17026529623,4
2024-05-29,106251.56137094808,42644.17026529623,4
2024-05-30,105661.13164121649,27561.721154995183,5
2024-05-31,104944.39081493267,41159.29064670452,4
2024-06-03,103660.45394031856,49333.854437755086,3
2024-06-04,99540.9093067946,46034.75925567765,3
2024-06-05,100892.53132337358,62087.34035199906,2
2024-06-06,100041.05661967475,55338.80694010932,3
2024-06-07,99216.47722819526,55338.80694010932,3
2024-06-10,99352.21709634093,61672.93726540832,2
2024-06-11,99474.47824288634,61672.93726540832,2
2024-06-12,100450.43685342101,61672.93726540832,2
2024-06-13,100222.69724847106,61672.93726540832,2
2024-06-14,99359.47027396777,78007.36995887378,1
2024-06-17,99896.36995887378,78007.36995887378,1
2024-06-18,99632.05021094898,78007.36995887378,1
2024-06-20,98673.89033698657,78007.36995887378,1
2024-06-21,98843.22027396777,78007.36995887378,1
2024-06-24,98889.92461377257,74724.17453366393,2
2024-06-25,98875.7703963229,71431.01072606533,3
2024-06-26,98889.03378085005,74521.33349779951,2
2024-06-27,99274.24305132734,74521.33349779951,2
2024-06-28,99436.92386416304,74521.33349779951,2
