date,ticker,side,shares,price,commission,slippage,raw_shares,raw_price,reason,order_level
2022-01-05,MTUS,BUY,467.0,17.8799991607666,2.335,6.5549974518465515,467.0,17.8799991607666,VCP_PIVOT_BREAKOUT,
2022-01-06,PLAB,BUY,438.0,18.950000762939453,2.19,6.589088653263915,438.0,18.950000762939453,VCP_PIVOT_BREAKOUT,
2022-01-06,PENG,BUY,270.0,30.854999542236328,1.0,5.499170957550444,135.0,61.709999084472656,VCP_PIVOT_BREAKOUT,
2022-01-07,HWC,BUY,155.0,53.72999954223633,1.0,5.912691671811483,155.0,53.72999954223633,VCP_PIVOT_BREAKOUT,
2022-01-10,MTUS,SELL,467.0,16.09199924468994,2.335,5.735470429508299,467.0,16.09199924468994,STOP_LOSS,16.09199924468994
2022-01-12,HGV,BUY,159.0,51.9900016784668,1.0,5.421498052302302,159.0,51.9900016784668,VCP_PIVOT_BREAKOUT,
2022-01-14,AMH,BUY,197.0,41.81999969482422,1.0,5.04165083265778,197.0,41.81999969482422,VCP_PIVOT_BREAKOUT,
2022-01-19,HGV,SELL,159.0,48.85889896392822,1.0,5.078621729511902,159.0,48.85889896392822,STOP_LOSS,48.85889896392822
2022-01-20,AMH,SELL,197.0,39.77969837188721,1.0,4.7758442060939075,197.0,39.77969837188721,STOP_LOSS,39.77969837188721
2022-01-21,PLAB,SELL,438.0,16.450000762939453,2.19,5.432467435283646,438.0,16.450000762939453,STOP_LOSS,17.05500068664551
2022-01-24,PENG,SELL,270.0,27.440000534057617,1.0,4.752260817265906,135.0,54.880001068115234,STOP_LOSS,27.769499588012696
2022-01-26,PR,BUY,390.0,8.369999885559082,1.95,1.8976325518523216,390.0,8.369999885559082,VCP_PIVOT_BREAKOUT,
2022-02-08,PR,SELL,390.0,7.532999897003174,1.95,1.6806773465786762,390.0,7.532999897003174,STOP_LOSS,7.532999897003174
2022-02-18,AR,BUY,154.0,20.520000457763672,1.0,1.729583858015094,154.0,20.520000457763672,VCP_PIVOT_BREAKOUT,
2022-02-24,RRC,BUY,141.0,23.200000762939453,1.0,1.8274475709350768,141.0,23.200000762939453,VCP_PIVOT_BREAKOUT,
2022-02-25,SM,BUY,92.0,33.029998779296875,1.0,1.7040802072091101,92.0,33.029998779296875,VCP_PIVOT_BREAKOUT,
2022-02-25,PR,BUY,386.0,8.319999694824219,1.93,1.8431640563321925,386.0,8.319999694824219,VCP_PIVOT_BREAKOUT,
2022-02-28,APLE,BUY,181.0,17.489999771118164,1.0,1.9098177754133452,181.0,17.489999771118164,VCP_PIVOT_BREAKOUT,
2022-03-14,PR,SELL,386.0,7.487999725341796,1.93,1.6234741991053647,386.0,7.487999725341796,STOP_LOSS,7.487999725341797
2022-03-14,SM,SELL,92.0,34.69699974060058,1.0,1.7837712709936073,92.0,34.69699974060058,TRAILING_STOP,34.69699974060058
2022-03-21,ACLS,BUY,80.0,80.52999877929688,1.0,4.120266216923109,80.0,80.52999877929688,VCP_PIVOT_BREAKOUT,
2022-03-21,EXTR,BUY,505.0,12.869999885559082,2.525,4.568082918186708,505.0,12.869999885559082,VCP_PIVOT_BREAKOUT,
2022-04-01,ACLS,SELL,80.0,72.4769989013672,1.0,3.6366308429822123,80.0,72.4769989013672,STOP_LOSS,72.4769989013672
2022-04-04,ACLS,BUY,90.0,72.16999816894531,1.0,4.109788483005932,90.0,72.16999816894531,VCP_PIVOT_BREAKOUT,
2022-04-05,ACLS,SELL,90.0,68.69539970397949,1.0,3.8925833094491216,90.0,68.69539970397949,STOP_LOSS,68.69539970397949
2022-04-06,MMI,BUY,113.0,56.27000045776367,1.0,5.1059759549506625,113.0,56.27000045776367,VCP_PIVOT_BREAKOUT,
2022-04-07,MMI,SELL,113.0,52.89380043029785,1.0,4.728511236622817,113.0,52.89380043029785,STOP_LOSS,52.89380043029785
2022-04-08,HWC,SELL,155.0,48.79099925994873,1.0,5.114049821506742,155.0,48.79099925994873,STOP_LOSS,48.79099925994873
2022-04-08,APLE,SELL,181.0,16.286300888061522,1.0,1.7358204138110676,181.0,16.286300888061522,STOP_LOSS,16.286300888061522
2022-04-08,MMI,BUY,124.0,51.720001220703125,1.0,5.0927251902182595,124.0,51.720001220703125,VCP_PIVOT_BREAKOUT,
2022-04-11,EXTR,SELL,505.0,11.40999984741211,2.525,4.007785569431945,505.0,11.40999984741211,STOP_LOSS,11.582999897003175
2022-04-11,ACI,BUY,90.0,35.5,1.0,1.8132626771876164,90.0,35.5,VCP_PIVOT_BREAKOUT,
2022-04-12,ACI,SELL,90.0,33.27000045776367,1.0,1.6888189733881211,90.0,33.27000045776367,STOP_LOSS,33.37
2022-04-13,WSC,BUY,84.0,37.65999984741211,1.0,1.8039113652213397,84.0,37.65999984741211,VCP_PIVOT_BREAKOUT,
2022-04-18,NTCT,BUY,96.0,33.04999923706055,1.0,2.055991951487028,96.0,33.04999923706055,VCP_PIVOT_BREAKOUT,
2022-04-18,SMPL,BUY,73.0,43.36000061035156,1.0,1.9517460179756287,73.0,43.36000061035156,VCP_PIVOT_BREAKOUT,
2022-04-22,MMI,SELL,124.0,49.01409881591797,1.0,4.633205738946464,124.0,49.01409881591797,STOP_LOSS,49.01409881591797
2022-04-25,WSC,SELL,84.0,36.15359985351562,1.0,1.7236820217486573,84.0,36.15359985351562,STOP_LOSS,36.15359985351562
2022-04-25,RRC,SELL,141.0,28.865999221801758,1.0,2.2305074134467415,141.0,28.865999221801758,TRAILING_STOP,28.865999221801758
2022-04-25,AR,SELL,154.0,30.931499481201172,1.0,2.6005077714996347,154.0,30.931499481201172,TRAILING_STOP,30.931499481201172
2022-04-26,UTI,BUY,779.0,10.119999885559082,3.895,9.194870408933586,779.0,10.119999885559082,VCP_PIVOT_BREAKOUT,
2022-04-27,NTCT,SELL,96.0,31.066999282836914,1.0,1.9195447270136796,96.0,31.066999282836914,STOP_LOSS,31.066999282836914
2022-04-28,MAT,BUY,319.0,24.239999771118164,1.595,4.700834177975372,319.0,24.239999771118164,VCP_PIVOT_BREAKOUT,
2022-05-02,SMPL,SELL,73.0,40.75840057373047,1.0,1.8054203239089366,73.0,40.75840057373047,STOP_LOSS,40.75840057373047
2022-05-05,MAT,SELL,319.0,26.610000610351562,1.595,5.187691799306204,319.0,26.610000610351562,DEFENSIVE_PROFIT_TARGET,
2022-05-06,UTI,SELL,779.0,9.512799892425537,3.895,8.217130434107922,779.0,9.512799892425537,STOP_LOSS,9.512799892425537
2022-07-20,VRRM,BUY,462.0,17.030000686645508,2.31,5.62977153699976,462.0,17.030000686645508,VCP_PIVOT_BREAKOUT,
2022-07-26,VRRM,SELL,462.0,16.179600296020507,2.31,5.27320923395146,462.0,16.179600296020507,STOP_LOSS,16.179600296020507
2022-08-23,DY,BUY,70.0,112.66000366210938,1.0,5.331447079851076,70.0,112.66000366210938,VCP_PIVOT_BREAKOUT,
2022-09-07,UNM,BUY,207.0,37.2599983215332,1.035,4.776586076302269,207.0,37.2599983215332,VCP_PIVOT_BREAKOUT,
2022-09-08,ENPH,BUY,24.0,315.0,1.0,4.001198898595889,24.0,315.0,VCP_PIVOT_BREAKOUT,
2022-09-09,ENPH,SELL,24.0,296.09999999999997,1.0,3.752621951631563,24.0,296.09999999999997,STOP_LOSS,296.09999999999997
2022-09-12,ENPH,BUY,20.0,304.2699890136719,1.0,3.198717042660414,20.0,304.2699890136719,VCP_PIVOT_BREAKOUT,
2022-09-16,DY,SELL,70.0,105.90040344238281,1.0,4.87860356212202,70.0,105.90040344238281,STOP_LOSS,105.90040344238281
2022-09-22,ENPH,SELL,20.0,286.01378967285154,1.0,2.995267190827746,20.0,286.01378967285154,STOP_LOSS,286.01378967285154
2022-09-29,CALM,BUY,51.0,60.5,1.0,1.788881263748633,51.0,60.5,VCP_PIVOT_BREAKOUT,
2022-09-30,CALM,SELL,51.0,56.87,1.0,1.6728578387517337,51.0,56.87,STOP_LOSS,56.87
2022-10-05,DINO,BUY,53.0,58.25,1.0,1.7232573156823607,53.0,58.25,VCP_PIVOT_BREAKOUT,
2022-10-06,CALM,BUY,55.0,56.11000061035156,1.0,1.7841533897118675,55.0,56.11000061035156,VCP_PIVOT_BREAKOUT,
2022-10-10,DINO,SELL,53.0,54.754999999999995,1.0,1.6114559022234178,53.0,54.754999999999995,STOP_LOSS,54.754999999999995
2022-10-10,UNM,SELL,207.0,41.560001373291016,1.035,5.319372861726593,207.0,41.560001373291016,DEFENSIVE_PROFIT_TARGET,
2022-10-20,HLIT,BUY,429.0,14.300000190734863,2.145,4.223948145960366,429.0,14.300000190734863,VCP_PIVOT_BREAKOUT,
2022-10-27,ENPH,BUY,21.0,295.55999755859375,1.0,3.252864839619145,21.0,295.55999755859375,VCP_PIVOT_BREAKOUT,
2022-10-31,NOV,BUY,289.0,21.5,1.445,3.7232250021323483,289.0,21.5,VCP_PIVOT_BREAKOUT,
2022-11-01,ADM,BUY,64.0,97.36000061035156,1.0,3.431099871813326,64.0,97.36000061035156,VCP_PIVOT_BREAKOUT,
2022-11-03,SMCI,BUY,765.0,7.869999885559082,1.0,3.7268859410851416,76.5,78.69999885559082,VCP_PIVOT_BREAKOUT,
2022-11-04,ENPH,SELL,21.0,277.82639770507814,1.0,3.050326412590656,21.0,277.82639770507814,STOP_LOSS,277.82639770507814
2022-11-07,HLIT,SELL,429.0,13.44200017929077,2.145,3.790663270506604,429.0,13.44200017929077,STOP_LOSS,13.44200017929077
2022-11-07,TDW,BUY,184.0,34.0,1.0,4.488814410089051,184.0,34.0,VCP_PIVOT_BREAKOUT,
2022-11-08,NOV,SELL,289.0,23.81999969482422,1.445,4.123123682386855,289.0,23.81999969482422,DEFENSIVE_PROFIT_TARGET,
2022-11-08,DINO,BUY,97.0,64.0999984741211,1.0,3.584518832515077,97.0,64.0999984741211,VCP_PIVOT_BREAKOUT,
2022-11-09,TDW,SELL,184.0,31.959999999999997,1.0,4.149026769766511,184.0,31.959999999999997,STOP_LOSS,31.959999999999997
2022-11-10,TDW,BUY,246.0,31.75,1.23,5.641294814308187,246.0,31.75,VCP_PIVOT_BREAKOUT,
2022-11-11,CALM,SELL,55.0,53.020199851989744,1.0,1.6666958462462103,55.0,53.020199851989744,STOP_LOSS,53.020199851989744
2022-11-11,BDC,BUY,98.0,78.91000366210938,1.0,5.555834319616319,98.0,78.91000366210938,VCP_PIVOT_BREAKOUT,
2022-11-14,OVV,BUY,133.0,57.119998931884766,1.0,4.276688585420362,133.0,57.119998931884766,VCP_PIVOT_BREAKOUT,
2022-11-17,OVV,SELL,133.0,54.09000015258789,1.0,4.03470741388179,133.0,54.09000015258789,STOP_LOSS,54.835198974609376
2022-11-18,TDW,SELL,246.0,29.845,1.23,5.190115416645112,246.0,29.845,STOP_LOSS,29.845
2022-11-18,NOG,BUY,168.0,35.790000915527344,1.0,3.6510558859468123,168.0,35.790000915527344,VCP_PIVOT_BREAKOUT,
2022-11-22,TDW,BUY,205.0,30.299999237060547,1.025,4.267595252888345,205.0,30.299999237060547,VCP_PIVOT_BREAKOUT,
2022-11-23,SMCI,SELL,765.0,8.824000358581543,1.0,4.151714231172013,76.5,88.24000358581543,DEFENSIVE_PROFIT_TARGET,
2022-11-30,DINO,SELL,97.0,60.253998565673825,1.0,3.3491008721270874,97.0,60.253998565673825,STOP_LOSS,60.253998565673825
2022-12-01,ADM,SELL,64.0,91.51840057373046,1.0,3.2217242365385124,64.0,91.51840057373046,STOP_LOSS,91.51840057373046
2022-12-01,SMCI,BUY,850.0,9.175999641418457,1.0,4.825628945087585,85.0,91.75999641418457,VCP_PIVOT_BREAKOUT,
2022-12-01,DINO,BUY,123.0,63.040000915527344,1.0,4.484225907434053,123.0,63.040000915527344,VCP_PIVOT_BREAKOUT,
2022-12-02,SMCI,SELL,850.0,8.62543966293335,1.0,4.503394899195136,85.0,86.25439662933348,STOP_LOSS,8.62543966293335
2022-12-02,DINO,SELL,123.0,59.2576008605957,1.0,4.195382950976727,123.0,59.2576008605957,STOP_LOSS,59.2576008605957
2022-12-05,NOG,SELL,168.0,33.6426008605957,1.0,3.390074661116577,168.0,33.6426008605957,STOP_LOSS,33.6426008605957
2022-12-12,POWL,BUY,250.0,11.963333129882812,1.0,3.013132206894054,83.33333333333333,35.88999938964844,VCP_PIVOT_BREAKOUT,
2022-12-14,USLM,BUY,103.0,29.38800048828125,1.0,3.601713951389701,20.6,146.94000244140625,VCP_PIVOT_BREAKOUT,
2022-12-16,BDC,SELL,98.0,73.44999694824219,1.0,4.985568922040082,98.0,73.44999694824219,STOP_LOSS,74.1754034423828
2022-12-16,SMCI,BUY,372.0,8.02400016784668,1.0,1.6920440120579656,37.2,80.2400016784668,VCP_PIVOT_BREAKOUT,
2022-12-19,DNOW,BUY,240.0,12.489999771118164,1.2,2.0990057726544293,240.0,12.489999771118164,VCP_PIVOT_BREAKOUT,
2022-12-19,BDC,BUY,40.0,73.7699966430664,1.0,1.8262705779078154,40.0,73.7699966430664,VCP_PIVOT_BREAKOUT,
2022-12-21,TDW,SELL,205.0,34.189998626708984,1.025,4.787122825495408,205.0,34.189998626708984,DEFENSIVE_PROFIT_TARGET,
2022-12-22,USLM,SELL,103.0,27.624720458984374,1.0,3.2571347362843652,20.6,138.12360229492188,STOP_LOSS,27.624720458984374
2022-12-29,POWL,SELL,250.0,11.245533142089844,1.0,2.4262146671896603,83.33333333333333,33.736599426269535,STOP_LOSS,11.245533142089844
2023-01-04,DNOW,SELL,240.0,11.740599784851074,1.2,1.9649199481610717,240.0,11.740599784851074,STOP_LOSS,11.740599784851074
2023-01-10,SMCI,SELL,372.0,7.5425601577758785,1.0,1.5507511187365504,37.2,75.42560157775878,STOP_LOSS,7.5425601577758785
2023-02-01,GPK,BUY,248.0,23.479999542236328,1.24,3.460093203956145,248.0,23.479999542236328,VCP_PIVOT_BREAKOUT,
2023-02-02,BDC,SELL,40.0,83.0,1.0,2.09001190225762,40.0,83.0,DEFENSIVE_PROFIT_TARGET,
2023-02-02,AEIS,BUY,61.0,98.69000244140625,1.0,4.227317261765577,61.0,98.69000244140625,VCP_PIVOT_BREAKOUT,
2023-02-07,GPK,SELL,248.0,22.154800148010253,1.24,3.24292540336433,248.0,22.154800148010253,STOP_LOSS,22.154800148010253
2023-02-08,BDC,BUY,89.0,85.0,1.0,5.255427278228355,89.0,85.0,VCP_PIVOT_BREAKOUT,
2023-02-09,AEIS,SELL,61.0,92.76860229492188,1.0,3.879947266659484,61.0,92.76860229492188,STOP_LOSS,92.76860229492188
2023-02-14,HCC,BUY,193.0,38.720001220703125,1.0,5.254454579156809,193.0,38.720001220703125,VCP_PIVOT_BREAKOUT,
2023-02-21,KNSL,BUY,22.0,327.6400146484375,1.0,4.507171081860514,22.0,327.6400146484375,VCP_PIVOT_BREAKOUT,
2023-02-23,BDC,SELL,89.0,79.89999999999999,1.0,4.835456983646774,89.0,79.89999999999999,STOP_LOSS,79.89999999999999
2023-02-27,HCC,SELL,193.0,36.396801147460934,1.0,4.767393328154825,193.0,36.396801147460934,STOP_LOSS,36.396801147460934
2023-02-28,XPEL,BUY,76.0,65.52999877929688,1.0,3.6488475681511403,76.0,65.52999877929688,VCP_PIVOT_BREAKOUT,
2023-03-02,XPEL,SELL,76.0,62.90879882812501,1.0,3.381281900200815,76.0,62.90879882812501,STOP_LOSS,62.908798828125
2023-03-09,KNSL,SELL,22.0,307.98161376953124,1.0,4.186099533469601,22.0,307.98161376953124,STOP_LOSS,307.98161376953124
2023-03-20,MTRN,BUY,27.0,106.13999938964844,1.0,1.826898671015969,27.0,106.13999938964844,VCP_PIVOT_BREAKOUT,
2023-05-03,GGG,BUY,36.0,80.30000305175781,1.0,1.6239201178035345,36.0,80.30000305175781,VCP_PIVOT_BREAKOUT,
2023-05-04,MTRN,SELL,27.0,117.0,1.0,2.0918259731736573,27.0,117.0,DEFENSIVE_PROFIT_TARGET,
2023-05-05,EXP,BUY,37.0,158.42999267578125,1.0,3.6455742699460374,37.0,158.42999267578125,VCP_PIVOT_BREAKOUT,
2023-05-22,PRIM,BUY,213.0,27.639999389648438,1.065,4.6425598979238725,213.0,27.639999389648438,VCP_PIVOT_BREAKOUT,
2023-05-30,MANH,BUY,32.0,180.94000244140625,1.0,3.5297847390670016,32.0,180.94000244140625,VCP_PIVOT_BREAKOUT,
2023-06-01,CSW,BUY,41.0,141.3300018310547,1.0,4.6418206906626285,41.0,141.3300018310547,VCP_PIVOT_BREAKOUT,
2023-06-08,CSW,SELL,41.0,157.10000610351562,1.0,5.252502514351283,41.0,157.10000610351562,DEFENSIVE_PROFIT_TARGET,
2023-06-22,TDW,BUY,157.0,47.66999816894531,1.0,4.963816297942301,157.0,47.66999816894531,VCP_PIVOT_BREAKOUT,
2023-06-22,CSW,BUY,46.0,162.75,1.0,6.279923960414215,46.0,162.75,VCP_PIVOT_BREAKOUT,
2023-06-28,EXP,SELL,37.0,180.10000610351562,1.0,4.042962479802725,37.0,180.10000610351562,DEFENSIVE_PROFIT_TARGET,
2023-06-30,WFRD,BUY,116.0,66.2300033569336,1.0,4.874113979713435,116.0,66.2300033569336,VCP_PIVOT_BREAKOUT,
2023-07-03,TDW,SELL,157.0,55.58000183105469,1.0,5.810013290812083,157.0,55.58000183105469,DEFENSIVE_PROFIT_TARGET,
2023-07-10,TDW,BUY,130.0,58.220001220703125,1.0,4.906075568881254,130.0,58.220001220703125,VCP_PIVOT_BREAKOUT,
2023-07-12,WFRD,SELL,116.0,75.4800033569336,1.0,5.6257666628996175,116.0,75.4800033569336,DEFENSIVE_PROFIT_TARGET,
2023-07-13,BJRI,BUY,226.0,34.380001068115234,1.1300000000000001,6.110078943234057,226.0,34.380001068115234,VCP_PIVOT_BREAKOUT,
2023-07-14,PRIM,SELL,213.0,30.829999923706055,1.065,5.090339485544173,213.0,30.829999923706055,DEFENSIVE_PROFIT_TARGET,
2023-07-17,MANH,SELL,32.0,200.83999633789062,1.0,3.8507557493392817,32.0,200.83999633789062,DEFENSIVE_PROFIT_TARGET,
2023-07-19,NE,BUY,151.0,51.79999923706055,1.0,4.780048478332579,151.0,51.79999923706055,VCP_PIVOT_BREAKOUT,
2023-07-21,FLS,BUY,205.0,38.13999938964844,1.025,5.17429078378898,205.0,38.13999938964844,VCP_PIVOT_BREAKOUT,
2023-07-27,GGG,SELL,36.0,75.48200286865234,1.0,1.5236296809091794,36.0,75.48200286865234,STOP_LOSS,75.48200286865234
2023-07-28,TBBK,BUY,198.0,39.45000076293945,1.0,5.8186968890490345,198.0,39.45000076293945,VCP_PIVOT_BREAKOUT,
2023-08-03,CSW,SELL,46.0,177.8000030517578,1.0,6.396937743215456,46.0,177.8000030517578,DEFENSIVE_PROFIT_TARGET,
2023-08-04,TDW,SELL,130.0,64.80000305175781,1.0,5.366014518989894,130.0,64.80000305175781,DEFENSIVE_PROFIT_TARGET,
2023-08-04,NVT,BUY,144.0,55.290000915527344,1.0,4.851296618947544,144.0,55.290000915527344,VCP_PIVOT_BREAKOUT,
2023-08-07,AROC,BUY,1236.0,12.680000305175781,6.18,14.342014893605377,1236.0,12.680000305175781,VCP_PIVOT_BREAKOUT,
2023-08-15,TBBK,SELL,198.0,37.08300071716308,1.0,5.393440864256324,198.0,37.08300071716308,STOP_LOSS,37.08300071716308
2023-08-16,BJRI,SELL,226.0,32.31720100402832,1.1300000000000001,5.628016362727881,226.0,32.31720100402832,STOP_LOSS,32.31720100402832
2023-08-24,YELP,BUY,364.0,42.880001068115234,1.82,11.35447818761974,364.0,42.880001068115234,VCP_PIVOT_BREAKOUT,
2023-09-06,WFRD,BUY,173.0,90.31999969482422,1.0,10.28804001547176,173.0,90.31999969482422,VCP_PIVOT_BREAKOUT,
2023-09-14,FLS,SELL,205.0,38.91999816894531,1.025,5.184905861232806,205.0,38.91999816894531,DISTRIBUTION_BAR,
2023-09-15,CNR,BUY,158.0,98.69999694824219,1.0,10.839121883411753,158.0,98.69999694824219,VCP_PIVOT_BREAKOUT,
2023-10-03,NE,SELL,151.0,48.69199928283691,1.0,4.470599847590551,151.0,48.69199928283691,STOP_LOSS,48.69199928283691
2023-10-16,NVT,SELL,144.0,51.59000015258789,1.0,4.482662223598671,144.0,51.59000015258789,DISTRIBUTION_BAR,
2023-10-27,LRN,BUY,289.0,53.33000183105469,1.445,11.304391949241522,289.0,53.33000183105469,VCP_PIVOT_BREAKOUT,
2023-10-31,CNR,SELL,158.0,88.82999725341797,1.0,9.2814992311198,158.0,88.82999725341797,STOP_LOSS,88.82999725341797
2023-11-06,QLYS,BUY,37.0,169.80999755859375,1.0,3.832470537490594,37.0,169.80999755859375,VCP_PIVOT_BREAKOUT,
2023-11-08,WFRD,SELL,173.0,91.18000030517578,1.0,9.586238086318062,173.0,91.18000030517578,DISTRIBUTION_BAR,
2023-12-12,QLYS,SELL,37.0,190.0,1.0,4.266791412011508,37.0,190.0,DEFENSIVE_PROFIT_TARGET,
2023-12-18,CRVL,BUY,104.0,78.663330078125,1.0,6.921296825134204,34.666666666666664,235.989990234375,VCP_PIVOT_BREAKOUT,
2023-12-18,VRRM,BUY,364.0,22.3700008392334,1.82,5.48563865022787,364.0,22.3700008392334,VCP_PIVOT_BREAKOUT,
2024-01-04,VRRM,SELL,364.0,22.100000381469727,1.82,5.424923057803769,364.0,22.100000381469727,DISTRIBUTION_BAR,
2024-01-09,ADMA,BUY,1685.0,4.789999961853027,8.425,6.613427397011655,1685.0,4.789999961853027,VCP_PIVOT_BREAKOUT,
2024-01-25,LRN,SELL,289.0,61.47999954223633,1.445,12.701677146062464,289.0,61.47999954223633,DISTRIBUTION_BAR,
2024-01-30,ADMA,SELL,1685.0,5.300000190734863,8.425,7.1752712072873095,1685.0,5.300000190734863,DEFENSIVE_PROFIT_TARGET,
2024-02-01,GOOGL,BUY,59.0,142.1199951171875,1.0,4.3146109111587885,59.0,142.1199951171875,VCP_PIVOT_BREAKOUT,
2024-02-15,MSA,BUY,47.0,179.0,1.0,5.753148626139723,47.0,179.0,VCP_PIVOT_BREAKOUT,
2024-02-16,YELP,SELL,364.0,38.459999084472656,1.82,9.994876430372639,364.0,38.459999084472656,STOP_LOSS,38.59200096130371
2024-02-16,APP,BUY,145.0,58.52000045776367,1.0,4.888450277619816,145.0,58.52000045776367,VCP_PIVOT_BREAKOUT,
2024-02-20,OTTR,BUY,92.0,89.11000061035156,1.0,5.6562367263031375,92.0,89.11000061035156,VCP_PIVOT_BREAKOUT,
2024-02-21,APP,SELL,145.0,55.008800430297846,1.0,4.555177867972657,145.0,55.008800430297846,STOP_LOSS,55.008800430297846
2024-02-22,OTTR,SELL,92.0,85.54560058593749,1.0,5.392119421491059,92.0,85.54560058593749,STOP_LOSS,85.54560058593749
2024-02-22,GPOR,BUY,59.0,141.42999267578125,1.0,5.6779888300227555,59.0,141.42999267578125,VCP_PIVOT_BREAKOUT,
2024-02-26,COLL,BUY,184.0,36.36000061035156,1.0,4.804424950183681,184.0,36.36000061035156,VCP_PIVOT_BREAKOUT,
2024-03-04,GOOGL,SELL,59.0,133.59279541015624,1.0,4.049472524898838,59.0,133.59279541015624,STOP_LOSS,133.59279541015624
2024-03-05,TDW,BUY,81.0,81.02999877929688,1.0,4.008578071435257,81.0,81.02999877929688,VCP_PIVOT_BREAKOUT,
2024-03-20,TDW,SELL,81.0,88.54000091552734,1.0,4.369712155934626,81.0,88.54000091552734,DEFENSIVE_PROFIT_TARGET,
2024-03-21,GPOR,SELL,59.0,157.97999572753906,1.0,6.322866005781536,59.0,157.97999572753906,DEFENSIVE_PROFIT_TARGET,
2024-03-28,COLL,SELL,184.0,40.869998931884766,1.0,5.439834932560105,184.0,40.869998931884766,DEFENSIVE_PROFIT_TARGET,
2024-04-01,CRVL,SELL,104.0,87.27999877929688,1.0,7.452914688910742,34.666666666666664,261.8399963378906,DEFENSIVE_PROFIT_TARGET,
2024-04-26,FTI,BUY,329.0,26.31999969482422,1.645,5.071956343365704,329.0,26.31999969482422,VCP_PIVOT_BREAKOUT,
2024-05-01,AROC,SELL,1236.0,20.389999389648438,6.18,20.263427906318885,1236.0,20.389999389648438,DISTRIBUTION_BAR,
2024-05-01,MSA,SELL,47.0,180.1300048828125,1.0,5.813970239681266,47.0,180.1300048828125,DISTRIBUTION_BAR,
2024-05-02,AX,BUY,315.0,56.7400016784668,1.575,13.738749214062883,315.0,56.7400016784668,VCP_PIVOT_BREAKOUT,
2024-05-06,NSSC,BUY,413.0,43.27000045776367,2.065,14.945068886891788,413.0,43.27000045776367,VCP_PIVOT_BREAKOUT,
2024-05-28,HLNE,BUY,141.0,128.8000030517578,1.0,13.88045439526359,141.0,128.8000030517578,VCP_PIVOT_BREAKOUT,
2024-05-30,NTNX,BUY,241.0,62.540000915527344,1.205,9.103889658955213,241.0,62.540000915527344,VCP_PIVOT_BREAKOUT,
2024-05-31,NTNX,SELL,241.0,56.459999084472656,1.205,8.085287648573589,241.0,56.459999084472656,STOP_LOSS,60.038400878906245
2024-06-03,FTI,SELL,329.0,24.740799713134763,1.645,4.81431457077295,329.0,24.740799713134763,STOP_LOSS,24.740799713134763
2024-06-04,AX,SELL,315.0,44.099998474121094,1.575,10.144751126833517,315.0,44.099998474121094,STOP_LOSS,51.06600151062012
2024-06-04,GAP,BUY,595.0,28.850000381469727,2.975,10.14972332426082,595.0,28.850000381469727,VCP_PIVOT_BREAKOUT,
2024-06-05,GAP,SELL,595.0,27.0,2.975,9.443903678587462,595.0,27.0,STOP_LOSS,27.11900035858154
2024-06-06,GAP,BUY,252.0,26.760000228881836,1.26,3.753354211517151,252.0,26.760000228881836,VCP_PIVOT_BREAKOUT,
2024-06-10,GAP,SELL,252.0,25.154400215148925,1.26,3.518528918535643,252.0,25.154400215148925,STOP_LOSS,25.154400215148925
2024-06-14,HLNE,SELL,141.0,115.44999694824219,1.0,12.106876236677198,141.0,115.44999694824219,STOP_LOSS,115.92000274658203
2024-06-24,HLNE,BUY,28.0,117.1500015258789,1.0,1.9953824852425146,28.0,117.1500015258789,VCP_PIVOT_BREAKOUT,
2024-06-25,SRPT,BUY,20.0,164.52000427246094,1.0,1.7637221493725301,20.0,164.52000427246094,VCP_PIVOT_BREAKOUT,
2024-06-26,SRPT,SELL,20.0,154.64880401611327,1.0,1.6533085880751617,20.0,154.64880401611327,STOP_LOSS,154.64880401611327
