ticker,date,pivot,vcp_quality,rs_pct,volume_ratio,atr14_pct,rank_score,catalyst,reason,regime_state,size_mult,base_value,liquidity_cap_value,liquidity_bound,pilot,defensive,submitted_index,decision,order_value,catalyst_detail
MTUS,2022-01-04,15.59000015258789,1.7,99.25847457627118,2.0697090533156106,0.048403796075218906,2.2,STRONG_POSITIVE,VCP_PIVOT_BREAKOUT,OPEN,0.5,8333.333333333334,205552.50079803469,False,True,False,1.0,ORDER_SUBMITTED,8317.269750595093,"{""score"": ""STRONG_POSITIVE"", ""date"": ""2021-11-05"", ""items"": NaN, ""source"": ""SEC (8-K Ex. 99.1) 2021-11-04: TimkenSteel Announces Third-Quarter 2021 Results""}"
PLAB,2022-01-05,14.369999885559082,2.0,89.9364406779661,1.9099110296326218,0.03458648337457413,2.5,STRONG_POSITIVE,VCP_PIVOT_BREAKOUT,OPEN,0.5,8331.425047718043,192239.53890907287,False,True,False,2.0,ORDER_SUBMITTED,8322.0,"{""score"": ""STRONG_POSITIVE"", ""date"": ""2021-12-09"", ""items"": NaN, ""source"": ""SEC (Form 8-K Ex. 99.1) 2021-12-08: Photronics Reports Full Year and Fourth Quarter Fiscal 2021 Results""}"
MTUS,2022-01-05,15.59000015258789,1.7,99.15254237288136,2.088142043674348,0.04689477161633879,2.2,STRONG_POSITIVE,VCP_PIVOT_BREAKOUT,OPEN,,,,,,,,ALREADY_HELD,,"{""score"": ""STRONG_POSITIVE"", ""date"": ""2021-11-05"", ""items"": NaN, ""source"": ""SEC (8-K Ex. 99.1) 2021-11-04: TimkenSteel Announces Third-Quarter 2021 Results""}"
PENG,2022-01-05,25.149999618530273,1.7,87.39406779661016,6.730700818214158,0.06318967932705778,2.2,STRONG_POSITIVE,VCP_PIVOT_BREAKOUT,OPEN,0.5,8331.425047718043,650057.3132757569,False,True,False,2.0,ORDER_SUBMITTED,8305.200061798096,"{""score"": ""STRONG_POSITIVE"", ""date"": ""2022-01-05"", ""items"": NaN, ""source"": ""SGH Investor Relations / Business Wire 2022-01-04: SGH Reports First Quarter Fiscal 2022 Financial Results""}"
HWC,2022-01-06,50.29999923706055,2.0,76.27118644067797,2.3247689522660147,0.02686227012226662,2.5,STRONG_POSITIVE,VCP_PIVOT_BREAKOUT,OPEN,0.5,8344.840190703255,377821.226608429,False,True,False,3.0,ORDER_SUBMITTED,8317.299976348877,"{""score"": ""STRONG_POSITIVE"", ""date"": ""2021-10-20"", ""items"": NaN, ""source"": ""Hancock Whitney (Business Wire) 2021-10-19: Hancock Whitney Reports Third Quarter 2021 EPS of $1.46""}"
PENG,2022-01-06,25.149999618530273,1.7,86.97033898305084,1.8860570483307837,0.0612757394528223,2.2,STRONG_POSITIVE,VCP_PIVOT_BREAKOUT,OPEN,,,,,,,,ALREADY_HELD,,"{""score"": ""STRONG_POSITIVE"", ""date"": ""2022-01-05"", ""items"": NaN, ""source"": ""SGH Investor Relations / Business Wire 2022-01-04: SGH Reports First Quarter Fiscal 2022 Financial Results""}"
PENG,2022-01-10,25.149999618530273,1.7,94.27966101694916,1.6086653629487129,0.06173716729460189,2.2,STRONG_POSITIVE,VCP_PIVOT_BREAKOUT,OPEN,,,,,,,,ALREADY_HELD,,"{""score"": ""STRONG_POSITIVE"", ""date"": ""2022-01-05"", ""items"": NaN, ""source"": ""SGH Investor Relations / Business Wire 2022-01-04: SGH Reports First Quarter Fiscal 2022 Financial Results""}"
HGV,2022-01-11,50.369998931884766,2.0,90.36016949152543,2.1505247699177774,0.03333333403334199,2.5,STRONG_POSITIVE,VCP_PIVOT_BREAKOUT,OPEN,0.5,8302.378499738274,680693.5315101624,False,True,False,6.0,ORDER_SUBMITTED,8252.100242614746,"{""score"": ""STRONG_POSITIVE"", ""date"": ""2021-11-10"", ""items"": NaN, ""source"": ""Hilton Grand Vacations (Business Wire) 2021-11-09: Hilton Grand Vacations Reports Record Third Quarter 2021 Results""}"
AMH,2022-01-13,41.0099983215332,2.0,81.14406779661016,2.2874209725318777,0.017882669044502444,2.5,STRONG_POSITIVE,VCP_PIVOT_BREAKOUT,OPEN,0.5,8281.531678530138,1314498.765413208,False,True,False,8.0,ORDER_SUBMITTED,8270.059909820557,"{""score"": ""STRONG_POSITIVE"", ""date"": ""2021-11-05"", ""items"": NaN, ""source"": ""American Homes 4 Rent (PR Newswire) 2021-11-04: American Homes 4 Rent Reports Third Quarter 2021 Financial and Operating Results""}"
AMH,2022-01-14,41.0099983215332,2.0,77.4364406779661,1.7061884762352097,0.018887939975239253,2.5,STRONG_POSITIVE,VCP_PIVOT_BREAKOUT,OPEN,,,,,,,,ALREADY_HELD,,"{""score"": ""STRONG_POSITIVE"", ""date"": ""2021-11-05"", ""items"": NaN, ""source"": ""American Homes 4 Rent (PR Newswire) 2021-11-04: American Homes 4 Rent Reports Third Quarter 2021 Financial and Operating Results""}"
PR,2022-01-25,6.699999809265137,1.7,99.57671957671957,1.9968191112986464,0.06666666804784249,2.2,STRONG_POSITIVE,VCP_PIVOT_BREAKOUT,OPEN,0.2,3205.8658554435883,987024.9546174431,False,True,False,15.0,ORDER_SUBMITTED,3205.8001041412354,"{""score"": ""STRONG_POSITIVE"", ""date"": ""2021-11-04"", ""items"": NaN, ""source"": ""SEC (Form 8-K Ex. 99.1) 2021-11-03: Centennial Resource Development Announces Third Quarter 2021 Results, Non-Core Divestiture and Increases 2021 Production Targets""}"
PR,2022-01-26,6.699999809265137,1.7,99.47089947089947,1.6014865563290568,0.07037104248118337,2.2,STRONG_POSITIVE,VCP_PIVOT_BREAKOUT,OPEN,,,,,,,,ALREADY_HELD,,"{""score"": ""STRONG_POSITIVE"", ""date"": ""2021-11-04"", ""items"": NaN, ""source"": ""SEC (Form 8-K Ex. 99.1) 2021-11-03: Centennial Resource Development Announces Third Quarter 2021 Results, Non-Core Divestiture and Increases 2021 Production Targets""}"
AR,2022-02-17,20.389999389648438,1.7,98.94291754756871,1.7848435404139102,0.05524957364684743,2.2,STRONG_POSITIVE,VCP_PIVOT_BREAKOUT,OPEN,0.2,3195.6655801724887,2822196.832130585,False,True,False,32.0,ORDER_SUBMITTED,3195.5,"{""score"": ""STRONG_POSITIVE"", ""date"": ""2022-02-17"", ""items"": NaN, ""source"": ""Antero Resources (company press release) 2022-02-16: Antero Resources Reports Fourth Quarter Results, Announces 2022 Guidance and Return of Capital Program""}"
RRC,2022-02-23,22.5,1.4,99.04862579281183,2.78089019115852,0.055502986008168984,1.9,STRONG_POSITIVE,VCP_PIVOT_BREAKOUT,OPEN,0.2,3203.429607446191,1902124.612329712,False,True,False,35.0,ORDER_SUBMITTED,3193.6499462127686,"{""score"": ""STRONG_POSITIVE"", ""date"": ""2022-02-23"", ""items"": NaN, ""source"": ""GlobeNewswire 2022-02-22: Range Announces Fourth Quarter 2021 Results, 2022 Guidance, Reinstatement of Dividend and Authorization of $500 Million Share Repurchase Program""}"
AR,2022-02-24,20.389999389648438,1.7,99.15522703273496,1.7788206693024393,0.057256993287925356,2.2,STRONG_POSITIVE,VCP_PIVOT_BREAKOUT,OPEN,,,,,,,,ALREADY_HELD,,"{""score"": ""STRONG_POSITIVE"", ""date"": ""2022-02-17"", ""items"": NaN, ""source"": ""Antero Resources (company press release) 2022-02-16: Antero Resources Reports Fourth Quarter Results, Announces 2022 Guidance and Return of Capital Program""}"
PR,2022-02-24,6.699999809265137,1.7,98.31045406546991,2.110825331304258,0.0578321510187577,2.2,STRONG_POSITIVE,VCP_PIVOT_BREAKOUT,OPEN,0.2,3206.1573623040767,1175399.1032027246,False,True,False,36.0,ORDER_SUBMITTED,3199.9399852752686,"{""score"": ""STRONG_POSITIVE"", ""date"": ""2022-02-24"", ""items"": NaN, ""source"": ""SEC (Form 8-K Ex. 99.1) 2022-02-23: Centennial Resource Development Launches Shareholder Return Program and Announces Full Year 2021 Results and 2022 Guidance""}"
SM,2022-02-24,32.11000061035156,1.7,99.36642027455122,1.8458892182158062,0.06518705455974028,1.7,NEUTRAL,VCP_PIVOT_BREAKOUT,OPEN,0.2,3206.1573623040767,1645069.010312195,False,True,False,36.0,ORDER_SUBMITTED,3200.6800842285156,"{""score"": ""NEUTRAL"", ""date"": ""2022-02-14"", ""items"": ""1.02"", ""source"": ""SEC 8-K 0000893538-22-000011 items 1.02 filed 2022-02-14""}"
APLE,2022-02-25,16.790000915527344,2.0,75.29039070749735,1.6755114742551867,0.03187525728099063,2.5,STRONG_POSITIVE,VCP_PIVOT_BREAKOUT,OPEN,0.2,3214.481122817354,593487.9276372147,False,True,False,37.0,ORDER_SUBMITTED,3212.75,"{""score"": ""STRONG_POSITIVE"", ""date"": ""2022-02-23"", ""items"": NaN, ""source"": ""Apple Hospitality REIT (SEC 8-K Ex.99.1) 2022-02-22: Apple Hospitality REIT Reports Results of Operations for Fourth Quarter and Full Year 2021 and Announces Monthly Distribution for March 2022""}"
RRC,2022-02-28,22.5,1.4,98.9440337909187,3.161789780582369,0.05966386380023383,1.9,STRONG_POSITIVE,VCP_PIVOT_BREAKOUT,OPEN,,,,,,,,ALREADY_HELD,,"{""score"": ""STRONG_POSITIVE"", ""date"": ""2022-02-23"", ""items"": NaN, ""source"": ""GlobeNewswire 2022-02-22: Range Announces Fourth Quarter 2021 Results, 2022 Guidance, Reinstatement of Dividend and Authorization of $500 Million Share Repurchase Program""}"
PR,2022-03-01,6.699999809265137,1.7,98.41605068637803,1.6639497814120119,0.05365410044697332,2.2,STRONG_POSITIVE,VCP_PIVOT_BREAKOUT,OPEN,,,,,,,,ALREADY_HELD,,"{""score"": ""STRONG_POSITIVE"", ""date"": ""2022-02-24"", ""items"": NaN, ""source"": ""SEC (Form 8-K Ex. 99.1) 2022-02-23: Centennial Resource Development Launches Shareholder Return Program and Announces Full Year 2021 Results and 2022 Guidance""}"
RRC,2022-03-01,22.5,1.4,99.04963041182681,10.111160312956839,0.05760562445795203,1.9,STRONG_POSITIVE,VCP_PIVOT_BREAKOUT,OPEN,,,,,,,,ALREADY_HELD,,"{""score"": ""STRONG_POSITIVE"", ""date"": ""2022-02-23"", ""items"": NaN, ""source"": ""GlobeNewswire 2022-02-22: Range Announces Fourth Quarter 2021 Results, 2022 Guidance, Reinstatement of Dividend and Authorization of $500 Million Share Repurchase Program""}"
NOG,2022-03-02,25.469999313354492,2.0,97.67687434002113,1.6979873670995331,0.05572577655813589,2.5,STRONG_POSITIVE,VCP_PIVOT_BREAKOUT,OPEN,,,,,,,,QUEUED_INSUFFICIENT_SLOTS,,"{""score"": ""STRONG_POSITIVE"", ""date"": ""2022-02-25"", ""items"": ""2.02,9.01"", ""source"": ""SEC 8-K 0001104485-22-000040 items 2.02,9.01 filed 2022-02-24""}"
PR,2022-03-02,6.699999809265137,1.7,96.62090813093981,1.8484008429595222,0.054983385314917976,2.2,STRONG_POSITIVE,VCP_PIVOT_BREAKOUT,OPEN,,,,,,,,ALREADY_HELD,,"{""score"": ""STRONG_POSITIVE"", ""date"": ""2022-02-24"", ""items"": NaN, ""source"": ""SEC (Form 8-K Ex. 99.1) 2022-02-23: Centennial Resource Development Launches Shareholder Return Program and Announces Full Year 2021 Results and 2022 Guidance""}"
PR,2022-03-03,6.699999809265137,1.7,92.71383315733897,1.8263266374603502,0.055210287289139216,2.2,STRONG_POSITIVE,VCP_PIVOT_BREAKOUT,OPEN,,,,,,,,ALREADY_HELD,,"{""score"": ""STRONG_POSITIVE"", ""date"": ""2022-02-24"", ""items"": NaN, ""source"": ""SEC (Form 8-K Ex. 99.1) 2022-02-23: Centennial Resource Development Launches Shareholder Return Program and Announces Full Year 2021 Results and 2022 Guidance""}"
BTU,2022-03-03,14.130000114440918,1.4,99.78880675818374,3.3100743432885116,0.09541951024709117,1.9,STRONG_POSITIVE,VCP_PIVOT_BREAKOUT,OPEN,,,,,,,,QUEUED_INSUFFICIENT_SLOTS,,"{""score"": ""STRONG_POSITIVE"", ""date"": ""2022-02-11"", ""items"": NaN, ""source"": ""Peabody Energy (SEC 8-K Ex.99.1) 2022-02-10: Peabody Reports Results for Fourth Quarter and Year Ended December 31, 2021""}"
PR,2022-03-04,6.699999809265137,1.7,96.19852164730729,1.8229585500165013,0.05207293245835805,2.2,STRONG_POSITIVE,VCP_PIVOT_BREAKOUT,OPEN,,,,,,,,ALREADY_HELD,,"{""score"": ""STRONG_POSITIVE"", ""date"": ""2022-02-24"", ""items"": NaN, ""source"": ""SEC (Form 8-K Ex. 99.1) 2022-02-23: Centennial Resource Development Launches Shareholder Return Program and Announces Full Year 2021 Results and 2022 Guidance""}"
BTU,2022-03-04,14.130000114440918,1.4,99.89440337909187,3.851752069849908,0.08908919766163301,1.9,STRONG_POSITIVE,VCP_PIVOT_BREAKOUT,OPEN,,,,,,,,QUEUED_INSUFFICIENT_SLOTS,,"{""score"": ""STRONG_POSITIVE"", ""date"": ""2022-02-11"", ""items"": NaN, ""source"": ""Peabody Energy (SEC 8-K Ex.99.1) 2022-02-10: Peabody Reports Results for Fourth Quarter and Year Ended December 31, 2021""}"
SM,2022-03-07,32.11000061035156,1.7,98.73284054910243,1.9717573777839208,0.0599846163860887,2.2,STRONG_POSITIVE,VCP_PIVOT_BREAKOUT,OPEN,,,,,,,,ALREADY_HELD,,"{""score"": ""STRONG_POSITIVE"", ""date"": ""2022-02-25"", ""items"": NaN, ""source"": ""SEC (Form 8-K Ex. 99.1) 2022-02-24: SM Energy Reports 2021 Results and 2022 Operating Plan: Outperformance""}"
PR,2022-03-07,6.699999809265137,1.7,97.88806758183738,2.2222912422990335,0.054080479970034775,2.2,STRONG_POSITIVE,VCP_PIVOT_BREAKOUT,OPEN,,,,,,,,ALREADY_HELD,,"{""score"": ""STRONG_POSITIVE"", ""date"": ""2022-02-24"", ""items"": NaN, ""source"": ""SEC (Form 8-K Ex. 99.1) 2022-02-23: Centennial Resource Development Launches Shareholder Return Program and Announces Full Year 2021 Results and 2022 Guidance""}"
SM,2022-03-08,32.11000061035156,1.7,98.73284054910243,1.6934046345811051,0.06666667053645131,2.2,STRONG_POSITIVE,VCP_PIVOT_BREAKOUT,OPEN,,,,,,,,ALREADY_HELD,,"{""score"": ""STRONG_POSITIVE"", ""date"": ""2022-02-25"", ""items"": NaN, ""source"": ""SEC (Form 8-K Ex. 99.1) 2022-02-24: SM Energy Reports 2021 Results and 2022 Operating Plan: Outperformance""}"
PR,2022-03-08,6.699999809265137,1.7,96.72650475184794,2.57278667341258,0.06014016033162228,2.2,STRONG_POSITIVE,VCP_PIVOT_BREAKOUT,OPEN,,,,,,,,ALREADY_HELD,,"{""score"": ""STRONG_POSITIVE"", ""date"": ""2022-02-24"", ""items"": NaN, ""source"": ""SEC (Form 8-K Ex. 99.1) 2022-02-23: Centennial Resource Development Launches Shareholder Return Program and Announces Full Year 2021 Results and 2022 Guidance""}"
SM,2022-03-09,32.11000061035156,1.7,98.73284054910243,1.937554505997702,0.06952332289706488,2.2,STRONG_POSITIVE,VCP_PIVOT_BREAKOUT,OPEN,,,,,,,,ALREADY_HELD,,"{""score"": ""STRONG_POSITIVE"", ""date"": ""2022-02-25"", ""items"": NaN, ""source"": ""SEC (Form 8-K Ex. 99.1) 2022-02-24: SM Energy Reports 2021 Results and 2022 Operating Plan: Outperformance""}"
PR,2022-03-09,6.699999809265137,1.7,95.8817317845829,1.80703039494232,0.059957743439804825,2.2,STRONG_POSITIVE,VCP_PIVOT_BREAKOUT,OPEN,,,,,,,,ALREADY_HELD,,"{""score"": ""STRONG_POSITIVE"", ""date"": ""2022-02-24"", ""items"": NaN, ""source"": ""SEC (Form 8-K Ex. 99.1) 2022-02-23: Centennial Resource Development Launches Shareholder Return Program and Announces Full Year 2021 Results and 2022 Guidance""}"
ACLS,2022-03-18,70.81999969482422,2.0,98.10126582278481,2.6618078271145835,0.06658567001787441,2.5,STRONG_POSITIVE,VCP_PIVOT_BREAKOUT,OPEN,0.4,6479.001873028448,661591.061381836,False,True,False,52.0,ORDER_SUBMITTED,6442.39990234375,"{""score"": ""STRONG_POSITIVE"", ""date"": ""2022-02-08"", ""items"": NaN, ""source"": ""Axcelis Technologies (SEC 8-K Ex.99) 2022-02-07: Axcelis Announces Financial Results for Fourth Quarter and Full Year 2021""}"
EXTR,2022-03-18,10.510000228881836,2.0,89.55696202531645,1.6871339007693986,0.04371585704874469,2.5,STRONG_POSITIVE,VCP_PIVOT_BREAKOUT,OPEN,0.4,6479.001873028448,315893.09634056094,False,True,False,52.0,ORDER_SUBMITTED,6469.050211906433,"{""score"": ""STRONG_POSITIVE"", ""date"": ""2022-01-28"", ""items"": NaN, ""source"": ""Extreme Networks (SEC 8-K Ex.99.1) 2022-01-27: Extreme Networks Reports Second Quarter Fiscal Year 2022 Financial Results""}"
APLE,2022-03-18,16.790000915527344,2.0,78.90295358649789,2.5813878496062297,0.030797528076274092,2.5,STRONG_POSITIVE,VCP_PIVOT_BREAKOUT,OPEN,,,,,,,,ALREADY_HELD,,"{""score"": ""STRONG_POSITIVE"", ""date"": ""2022-02-23"", ""items"": NaN, ""source"": ""Apple Hospitality REIT (SEC 8-K Ex.99.1) 2022-02-22: Apple Hospitality REIT Reports Results of Operations for Fourth Quarter and Full Year 2021 and Announces Monthly Distribution for March 2022""}"
AOSL,2022-03-22,59.380001068115234,1.7,97.15189873417721,2.7684025550193856,0.0609042747158732,2.2,STRONG_POSITIVE,VCP_PIVOT_BREAKOUT,OPEN,,,,,,,,QUEUED_INSUFFICIENT_SLOTS,,"{""score"": ""STRONG_POSITIVE"", ""date"": ""2022-02-08"", ""items"": NaN, ""source"": ""Alpha and Omega Semiconductor (SEC 8-K Ex.99.1) 2022-02-07: Alpha and Omega Semiconductor Reports Financial Results for the Fiscal Second Quarter of 2022 Ended December 31, 2021""}"
AOSL,2022-03-23,59.380001068115234,1.7,96.83877766069547,2.6691706640118262,0.06871804324545129,2.2,STRONG_POSITIVE,VCP_PIVOT_BREAKOUT,OPEN,,,,,,,,QUEUED_INSUFFICIENT_SLOTS,,"{""score"": ""STRONG_POSITIVE"", ""date"": ""2022-02-08"", ""items"": NaN, ""source"": ""Alpha and Omega Semiconductor (SEC 8-K Ex.99.1) 2022-02-07: Alpha and Omega Semiconductor Reports Financial Results for the Fiscal Second Quarter of 2022 Ended December 31, 2021""}"
MP,2022-03-24,43.95000076293945,1.7,93.15068493150685,2.0779628799520453,0.053260431880444555,2.2,STRONG_POSITIVE,VCP_PIVOT_BREAKOUT,OPEN,,,,,,,,QUEUED_INSUFFICIENT_SLOTS,,"{""score"": ""STRONG_POSITIVE"", ""date"": ""2022-03-05"", ""items"": ""1.01"", ""source"": ""SEC 8-K 0001193125-22-066155 items 1.01 filed 2022-03-04""}"
WSC,2022-03-25,37.47999954223633,2.0,91.26315789473685,1.6038569608757398,0.02870106152140283,2.5,STRONG_POSITIVE,VCP_PIVOT_BREAKOUT,OPEN,,,,,,,,QUEUED_INSUFFICIENT_SLOTS,,"{""score"": ""STRONG_POSITIVE"", ""date"": ""2022-02-25"", ""items"": NaN, ""source"": ""GlobeNewswire 2022-02-24: WillScot Mobile Mini Holdings Reports Fourth Quarter and Full Year 2021 Results""}"
APLE,2022-03-29,16.790000915527344,2.0,77.36842105263158,1.9511180337288643,0.02452831347159293,2.5,STRONG_POSITIVE,VCP_PIVOT_BREAKOUT,OPEN,,,,,,,,ALREADY_HELD,,"{""score"": ""STRONG_POSITIVE"", ""date"": ""2022-02-23"", ""items"": NaN, ""source"": ""Apple Hospitality REIT (SEC 8-K Ex.99.1) 2022-02-22: Apple Hospitality REIT Reports Results of Operations for Fourth Quarter and Full Year 2021 and Announces Monthly Distribution for March 2022""}"
CALM,2022-03-30,42.150001525878906,2.0,87.57894736842105,3.8851308232291,0.04076991100991597,2.5,STRONG_POSITIVE,VCP_PIVOT_BREAKOUT,OPEN,,,,,,,,QUEUED_INSUFFICIENT_SLOTS,,"{""score"": ""STRONG_POSITIVE"", ""date"": ""2022-03-30"", ""items"": NaN, ""source"": ""Cal-Maine Foods (SEC 8-K Ex.99.1) 2022-03-29: Cal-Maine Foods Reports Third Quarter Fiscal 2022 Results""}"
AOSL,2022-03-30,59.380001068115234,1.7,96.73684210526315,2.0919461087372238,0.07124722760172206,2.2,STRONG_POSITIVE,VCP_PIVOT_BREAKOUT,OPEN,,,,,,,,QUEUED_INSUFFICIENT_SLOTS,,"{""score"": ""STRONG_POSITIVE"", ""date"": ""2022-02-08"", ""items"": NaN, ""source"": ""Alpha and Omega Semiconductor (SEC 8-K Ex.99.1) 2022-02-07: Alpha and Omega Semiconductor Reports Financial Results for the Fiscal Second Quarter of 2022 Ended December 31, 2021""}"
MP,2022-03-30,43.95000076293945,1.7,93.36842105263158,1.8967992326797136,0.0577216340500719,2.2,STRONG_POSITIVE,VCP_PIVOT_BREAKOUT,OPEN,,,,,,,,QUEUED_INSUFFICIENT_SLOTS,,"{""score"": ""STRONG_POSITIVE"", ""date"": ""2022-03-05"", ""items"": ""1.01"", ""source"": ""SEC 8-K 0001193125-22-066155 items 1.01 filed 2022-03-04""}"
MMI,2022-03-31,50.529998779296875,1.7,93.47368421052632,2.560956670290418,0.02638572891099621,2.2,STRONG_POSITIVE,VCP_PIVOT_BREAKOUT,OPEN,,,,,,,,QUEUED_INSUFFICIENT_SLOTS,,"{""score"": ""STRONG_POSITIVE"", ""date"": ""2022-02-19"", ""items"": NaN, ""source"": ""Business Wire 2022-02-18: Marcus & Millichap, Inc. Reports Results for Fourth Quarter and Full Year 2021""}"
ACLS,2022-04-01,70.81999969482422,2.0,91.36842105263158,1.8572312074813995,0.0704901719357902,2.5,STRONG_POSITIVE,VCP_PIVOT_BREAKOUT,OPEN,0.4,6488.193210435528,737349.6217869568,False,True,False,62.0,ORDER_SUBMITTED,6439.500274658203,"{""score"": ""STRONG_POSITIVE"", ""date"": ""2022-02-08"", ""items"": NaN, ""source"": ""Axcelis Technologies (SEC 8-K Ex.99) 2022-02-07: Axcelis Announces Financial Results for Fourth Quarter and Full Year 2021""}"
MMI,2022-04-01,50.529998779296875,1.7,94.84210526315789,3.087476028912819,0.027158336682092978,2.2,STRONG_POSITIVE,VCP_PIVOT_BREAKOUT,OPEN,,,,,,,,QUEUED_INSUFFICIENT_SLOTS,,"{""score"": ""STRONG_POSITIVE"", ""date"": ""2022-02-19"", ""items"": NaN, ""source"": ""Business Wire 2022-02-18: Marcus & Millichap, Inc. Reports Results for Fourth Quarter and Full Year 2021""}"
MMI,2022-04-05,50.529998779296875,1.7,95.15789473684211,2.531340062751111,0.02905910108048916,2.2,STRONG_POSITIVE,VCP_PIVOT_BREAKOUT,OPEN,0.4,6444.401504070283,138502.76779129027,False,True,True,64.0,ORDER_SUBMITTED,6421.79020690918,"{""score"": ""STRONG_POSITIVE"", ""date"": ""2022-02-19"", ""items"": NaN, ""source"": ""Business Wire 2022-02-18: Marcus & Millichap, Inc. Reports Results for Fourth Quarter and Full Year 2021""}"
MMI,2022-04-06,50.529998779296875,1.7,95.05263157894737,1.8984317913551796,0.02944143444695684,2.2,STRONG_POSITIVE,VCP_PIVOT_BREAKOUT,OPEN,,,,,,,,ALREADY_HELD,,"{""score"": ""STRONG_POSITIVE"", ""date"": ""2022-02-19"", ""items"": NaN, ""source"": ""Business Wire 2022-02-18: Marcus & Millichap, Inc. Reports Results for Fourth Quarter and Full Year 2021""}"
MMI,2022-04-07,50.529998779296875,1.7,92.84210526315789,3.104748359742926,0.037815127917413795,2.2,STRONG_POSITIVE,VCP_PIVOT_BREAKOUT,OPEN,0.4,6391.487139039269,148302.35770706178,False,True,True,66.0,ORDER_SUBMITTED,6387.239791870117,"{""score"": ""STRONG_POSITIVE"", ""date"": ""2022-02-19"", ""items"": NaN, ""source"": ""Business Wire 2022-02-18: Marcus & Millichap, Inc. Reports Results for Fourth Quarter and Full Year 2021""}"
ACI,2022-04-08,31.75,1.7,96.42105263157895,2.6561472653387264,0.031713653484108824,2.2,STRONG_POSITIVE,VCP_PIVOT_BREAKOUT,OPEN,0.2,3201.7719791500626,1401167.1237953187,False,True,True,67.0,ORDER_SUBMITTED,3175.1998901367188,"{""score"": ""STRONG_POSITIVE"", ""date"": ""2022-01-12"", ""items"": NaN, ""source"": ""Albertsons Companies (SEC 8-K Ex.99) 2022-01-11: Albertsons Companies, Inc. Reports Third Quarter Fiscal 2021 Results""}"
WSC,2022-04-12,37.47999954223633,2.0,88.8421052631579,1.7671845272139415,0.030370441593268353,2.5,STRONG_POSITIVE,VCP_PIVOT_BREAKOUT,OPEN,0.2,3192.1708280038074,1282491.2646498107,False,True,True,69.0,ORDER_SUBMITTED,3155.0401153564453,"{""score"": ""STRONG_POSITIVE"", ""date"": ""2022-02-25"", ""items"": NaN, ""source"": ""GlobeNewswire 2022-02-24: WillScot Mobile Mini Holdings Reports Fourth Quarter and Full Year 2021 Results""}"
NTCT,2022-04-14,31.989999771118164,2.0,78.96950578338591,1.6368076049202163,0.022928484479775114,2.5,STRONG_POSITIVE,VCP_PIVOT_BREAKOUT,OPEN,0.2,3201.8913436312328,289678.79076934815,False,True,True,71.0,ORDER_SUBMITTED,3191.0401611328125,"{""score"": ""STRONG_POSITIVE"", ""date"": ""2022-01-28"", ""items"": NaN, ""source"": ""SEC (Form 8-K Ex. 99.1) 2022-01-27: NETSCOUT Reports Third Quarter Fiscal Year 2022 Financial Results""}"
SMPL,2022-04-14,40.5880012512207,1.7,87.90746582544689,1.925223861313651,0.03608234776438613,2.2,STRONG_POSITIVE,VCP_PIVOT_BREAKOUT,OPEN,0.2,3201.8913436312328,465547.731986084,False,True,True,71.0,ORDER_SUBMITTED,3173.310089111328,"{""score"": ""STRONG_POSITIVE"", ""date"": ""2022-04-07"", ""items"": NaN, ""source"": ""GlobeNewswire 2022-04-06: The Simply Good Foods Company Reports Fiscal Second Quarter 2022 Financial Results and Updates Full Fiscal Year 2022 Outlook""}"
UTI,2022-04-18,9.149999618530273,2.0,95.16298633017875,1.7685209279980783,0.046012265622793994,2.5,STRONG_POSITIVE,VCP_PIVOT_BREAKOUT,OPEN,,,,,,,,QUEUED_INSUFFICIENT_SLOTS,,"{""score"": ""STRONG_POSITIVE"", ""date"": ""2022-02-04"", ""items"": NaN, ""source"": ""Universal Technical Institute IR (PR Newswire) 2022-02-03: Universal Technical Institute Reports Fiscal Year 2022 First Quarter Results""}"
SMPL,2022-04-19,40.5880012512207,1.7,87.38170347003155,2.301271672666111,0.03613897783817257,2.2,STRONG_POSITIVE,VCP_PIVOT_BREAKOUT,OPEN,,,,,,,,ALREADY_HELD,,"{""score"": ""STRONG_POSITIVE"", ""date"": ""2022-04-07"", ""items"": NaN, ""source"": ""GlobeNewswire 2022-04-06: The Simply Good Foods Company Reports Fiscal Second Quarter 2022 Financial Results and Updates Full Fiscal Year 2022 Outlook""}"
UTI,2022-04-20,9.149999618530273,2.0,96.43231899265477,2.2687796305378454,0.046106962688890946,2.5,STRONG_POSITIVE,VCP_PIVOT_BREAKOUT,OPEN,,,,,,,,QUEUED_INSUFFICIENT_SLOTS,,"{""score"": ""STRONG_POSITIVE"", ""date"": ""2022-02-04"", ""items"": NaN, ""source"": ""Universal Technical Institute IR (PR Newswire) 2022-02-03: Universal Technical Institute Reports Fiscal Year 2022 First Quarter Results""}"
MMI,2022-04-21,50.529998779296875,1.7,91.50052465897167,1.9894998618402873,0.04079850959194145,2.2,STRONG_POSITIVE,VCP_PIVOT_BREAKOUT,OPEN,,,,,,,,ALREADY_HELD,,"{""score"": ""STRONG_POSITIVE"", ""date"": ""2022-02-19"", ""items"": NaN, ""source"": ""Business Wire 2022-02-18: Marcus & Millichap, Inc. Reports Results for Fourth Quarter and Full Year 2021""}"
UTI,2022-04-25,9.149999618530273,2.0,96.75052410901468,1.6477249582467717,0.04861111580409464,2.5,STRONG_POSITIVE,VCP_PIVOT_BREAKOUT,OPEN,0.5,7852.649382767334,35509.742212677,False,False,True,77.0,ORDER_SUBMITTED,7852.319940567017,"{""score"": ""STRONG_POSITIVE"", ""date"": ""2022-02-04"", ""items"": NaN, ""source"": ""Universal Technical Institute IR (PR Newswire) 2022-02-03: Universal Technical Institute Reports Fiscal Year 2022 First Quarter Results""}"
MAT,2022-04-27,24.100000381469727,2.0,79.68586387434556,4.449021421820929,0.03429970959412393,2.5,STRONG_POSITIVE,VCP_PIVOT_BREAKOUT,OPEN,0.5,7821.092107722766,1327671.9187418367,False,False,True,79.0,ORDER_SUBMITTED,7812.309926986694,"{""score"": ""STRONG_POSITIVE"", ""date"": ""2022-02-10"", ""items"": NaN, ""source"": ""Business Wire 2022-02-09: Mattel Reports Fourth Quarter and Full Year 2021 Financial Results""}"
UTI,2022-05-02,9.149999618530273,2.0,97.38493723849372,1.6744657776349614,0.046519772721992515,2.5,STRONG_POSITIVE,VCP_PIVOT_BREAKOUT,OPEN,,,,,,,,ALREADY_HELD,,"{""score"": ""STRONG_POSITIVE"", ""date"": ""2022-02-04"", ""items"": NaN, ""source"": ""Universal Technical Institute IR (PR Newswire) 2022-02-03: Universal Technical Institute Reports Fiscal Year 2022 First Quarter Results""}"
UTI,2022-05-03,9.149999618530273,2.0,97.38493723849372,2.054774443803922,0.04399833942923912,2.5,STRONG_POSITIVE,VCP_PIVOT_BREAKOUT,OPEN,,,,,,,,ALREADY_HELD,,"{""score"": ""STRONG_POSITIVE"", ""date"": ""2022-02-04"", ""items"": NaN, ""source"": ""Universal Technical Institute IR (PR Newswire) 2022-02-03: Universal Technical Institute Reports Fiscal Year 2022 First Quarter Results""}"
UTI,2022-05-04,9.149999618530273,2.0,97.80334728033473,1.9879948273532648,0.042948372147434515,2.5,STRONG_POSITIVE,VCP_PIVOT_BREAKOUT,OPEN,,,,,,,,ALREADY_HELD,,"{""score"": ""STRONG_POSITIVE"", ""date"": ""2022-05-04"", ""items"": NaN, ""source"": ""Universal Technical Institute IR (PR Newswire) 2022-05-03: Universal Technical Institute, Inc. to Acquire Concorde Career Colleges, Inc., a Leading Provider of Healthcare Education Programs""}"
UTI,2022-05-05,9.149999618530273,2.0,97.07112970711297,2.160151774142044,0.05458825809858931,2.5,STRONG_POSITIVE,VCP_PIVOT_BREAKOUT,OPEN,,,,,,,,ALREADY_HELD,,"{""score"": ""STRONG_POSITIVE"", ""date"": ""2022-05-05"", ""items"": ""2.02,9.01"", ""source"": ""SEC 8-K 0001261654-22-000082 items 2.02,9.01 filed 2022-05-04""}"
VRRM,2022-07-19,16.68000030517578,1.7,82.41985522233712,2.9456173787539552,0.03445154427888595,2.2,STRONG_POSITIVE,VCP_PIVOT_BREAKOUT,OPEN,0.5,7846.474483098292,338711.12641616823,False,True,True,135.0,ORDER_SUBMITTED,7840.139682769775,"{""score"": ""STRONG_POSITIVE"", ""date"": ""2022-07-19"", ""items"": ""7.01,9.01"", ""source"": ""SEC 8-K 0000950170-22-012782 items 7.01,9.01 filed 2022-07-19""}"
DY,2022-08-22,98.41999816894531,1.7,94.95884773662551,2.0791506847174808,0.030142621179243587,2.2,STRONG_POSITIVE,VCP_PIVOT_BREAKOUT,OPEN,0.5,7812.440486328316,508905.77198486327,False,True,True,159.0,ORDER_SUBMITTED,7726.599807739258,"{""score"": ""STRONG_POSITIVE"", ""date"": ""2022-05-25"", ""items"": ""2.02,9.01"", ""source"": ""SEC 8-K 0000067215-22-000029 items 2.02,9.01 filed 2022-05-25""}"
DY,2022-08-24,98.41999816894531,1.7,94.54732510288066,2.2402928191389004,0.032059162976324135,2.2,STRONG_POSITIVE,VCP_PIVOT_BREAKOUT,OPEN,,,,,,,,ALREADY_HELD,,"{""score"": ""STRONG_POSITIVE"", ""date"": ""2022-08-24"", ""items"": ""2.02,9.01"", ""source"": ""SEC 8-K 0000067215-22-000049 items 2.02,9.01 filed 2022-08-24""}"
DY,2022-09-06,98.41999816894531,1.7,96.40287769784173,1.6398088008292258,0.03584848462267007,2.2,STRONG_POSITIVE,VCP_PIVOT_BREAKOUT,OPEN,,,,,,,,ALREADY_HELD,,"{""score"": ""STRONG_POSITIVE"", ""date"": ""2022-08-25"", ""items"": NaN, ""source"": ""Dycom Industries (SEC 8-K Ex.99) 2022-08-24: Dycom Industries, Inc. Announces Fiscal 2023 Second Quarter Results""}"
UNM,2022-09-06,34.79999923706055,1.7,94.7584789311408,2.088891650517611,0.021682999749148956,2.2,STRONG_POSITIVE,VCP_PIVOT_BREAKOUT,OPEN,0.5,7791.204514603075,1083745.944661255,False,True,True,169.0,ORDER_SUBMITTED,7787.3397789001465,"{""score"": ""STRONG_POSITIVE"", ""date"": ""2022-08-03"", ""items"": NaN, ""source"": ""PR Newswire 2022-08-02: Unum Group Reports Second Quarter 2022 Results""}"
ENPH,2022-09-07,209.75,1.4,98.56115107913669,2.0900723170041267,0.047031165317293254,1.9,STRONG_POSITIVE,VCP_PIVOT_BREAKOUT,OPEN,0.5,7809.191930736833,17661576.298013307,False,True,True,170.0,ORDER_SUBMITTED,7591.43994140625,"{""score"": ""STRONG_POSITIVE"", ""date"": ""2022-07-27"", ""items"": ""2.02,9.01"", ""source"": ""SEC 8-K 0001463101-22-000093 items 2.02,9.01 filed 2022-07-26""}"
ENPH,2022-09-09,209.75,1.4,98.25282631038027,1.6051619221610223,0.05153276986506864,1.9,STRONG_POSITIVE,VCP_PIVOT_BREAKOUT,OPEN,0.4,6248.392602762846,18516233.31367981,False,True,True,172.0,ORDER_SUBMITTED,6114.000244140625,"{""score"": ""STRONG_POSITIVE"", ""date"": ""2022-07-27"", ""items"": ""2.02,9.01"", ""source"": ""SEC 8-K 0001463101-22-000093 items 2.02,9.01 filed 2022-07-26""}"
CALM,2022-09-28,54.65999984741211,2.0,98.56996935648621,2.866366390507537,0.034334966162097975,2.5,STRONG_POSITIVE,VCP_PIVOT_BREAKOUT,OPEN,0.2,3092.858027804675,969779.6906578065,False,True,True,185.0,ORDER_SUBMITTED,3076.830093383789,"{""score"": ""STRONG_POSITIVE"", ""date"": ""2022-09-28"", ""items"": ""2.02,9.01"", ""source"": ""SEC 8-K 0001562762-22-000381 items 2.02,9.01 filed 2022-09-27""}"
DINO,2022-10-04,54.18000030517578,1.7,98.57142857142858,1.918116363210374,0.04769672079675894,2.2,STRONG_POSITIVE,VCP_PIVOT_BREAKOUT,OPEN,0.2,3101.822978257443,1823796.8300099182,False,True,True,189.0,ORDER_SUBMITTED,3086.7200889587402,"{""score"": ""STRONG_POSITIVE"", ""date"": ""2022-08-09"", ""items"": NaN, ""source"": ""HF Sinclair (Business Wire) 2022-08-08: HF Sinclair Corporation Reports Quarterly Results and Announces Regular Cash Dividend""}"
CALM,2022-10-05,54.65999984741211,2.0,97.44897959183673,1.7121393778784513,0.04543711857842659,2.5,STRONG_POSITIVE,VCP_PIVOT_BREAKOUT,OPEN,0.2,3099.4848549911258,1010979.2760612488,False,True,True,190.0,ORDER_SUBMITTED,3072.849941253662,"{""score"": ""STRONG_POSITIVE"", ""date"": ""2022-09-28"", ""items"": ""2.02,9.01"", ""source"": ""SEC 8-K 0001562762-22-000381 items 2.02,9.01 filed 2022-09-27""}"
HLIT,2022-10-19,10.100000381469727,1.7,98.06517311608961,2.0805593268330225,0.04132476876273159,2.2,STRONG_POSITIVE,VCP_PIVOT_BREAKOUT,OPEN,0.4,6211.50473521986,345179.5427708435,False,True,True,200.0,ORDER_SUBMITTED,6199.049918174744,"{""score"": ""STRONG_POSITIVE"", ""date"": ""2022-08-02"", ""items"": ""2.02,9.01"", ""source"": ""SEC 8-K 0000851310-22-000034 items 2.02,9.01 filed 2022-08-01""}"
ENPH,2022-10-26,209.75,1.4,98.17073170731707,2.522435337156625,0.05243773851730714,1.9,STRONG_POSITIVE,VCP_PIVOT_BREAKOUT,OPEN,0.4,6237.865145838253,21400819.011351317,False,True,True,205.0,ORDER_SUBMITTED,6129.2698974609375,"{""score"": ""STRONG_POSITIVE"", ""date"": ""2022-10-26"", ""items"": NaN, ""source"": ""Enphase Energy (SEC 8-K Ex.99.1) 2022-10-25: Enphase Energy Reports Financial Results for the Third Quarter of 2022""}"
NOV,2022-10-28,19.110000610351562,1.4,95.1219512195122,2.3800885255802067,0.04249966966100369,1.9,STRONG_POSITIVE,VCP_PIVOT_BREAKOUT,OPEN,0.4,6252.130263038337,1262431.9059762955,False,True,True,207.0,ORDER_SUBMITTED,6236.61997795105,"{""score"": ""STRONG_POSITIVE"", ""date"": ""2022-10-28"", ""items"": NaN, ""source"": ""SEC (8-K Ex. 99.1) 2022-10-27: NOV Reports Third Quarter 2022 Earnings""}"
ADM,2022-10-31,90.3499984741211,1.7,95.52845528455285,1.6982542582270321,0.0288940353153766,2.2,STRONG_POSITIVE,VCP_PIVOT_BREAKOUT,OPEN,0.4,6264.535710572273,4858397.944272156,False,True,True,208.0,ORDER_SUBMITTED,6206.72021484375,"{""score"": ""STRONG_POSITIVE"", ""date"": ""2022-10-26"", ""items"": NaN, ""source"": ""ADM (SEC 8-K Ex.99.1) 2022-10-25: ADM Reports Third Quarter Earnings per Share of $1.83, $1.86 on an Adjusted Basis""}"
NOV,2022-10-31,19.110000610351562,1.4,96.7479674796748,1.9578855197932408,0.04308035252425736,1.9,STRONG_POSITIVE,VCP_PIVOT_BREAKOUT,OPEN,,,,,,,,ALREADY_HELD,,"{""score"": ""STRONG_POSITIVE"", ""date"": ""2022-10-28"", ""items"": NaN, ""source"": ""SEC (8-K Ex. 99.1) 2022-10-27: NOV Reports Third Quarter 2022 Earnings""}"
HLIT,2022-11-01,10.100000381469727,1.7,95.52845528455285,3.428811118854121,0.04816796819423546,2.2,STRONG_POSITIVE,VCP_PIVOT_BREAKOUT,OPEN,,,,,,,,ALREADY_HELD,,"{""score"": ""STRONG_POSITIVE"", ""date"": ""2022-11-01"", ""items"": NaN, ""source"": ""Harmonic (SEC 8-K Ex.99) 2022-10-31: Harmonic Announces Third Quarter 2022 Results""}"
SMCI,2022-11-02,6.0279998779296875,2.0,99.39024390243902,5.838030581892827,0.05184844262624405,2.5,STRONG_POSITIVE,VCP_PIVOT_BREAKOUT,OPEN,0.4,6192.15500219703,849907.295095253,False,True,True,210.0,ORDER_SUBMITTED,6184.259719848633,"{""score"": ""STRONG_POSITIVE"", ""date"": ""2022-11-02"", ""items"": NaN, ""source"": ""Business Wire 2022-11-01: Supermicro Announces First Quarter Fiscal Year 2023 Financial Results""}"
BDC,2022-11-02,64.51000213623047,2.0,81.5040650406504,2.424302394617059,0.031128047025457555,2.5,STRONG_POSITIVE,VCP_PIVOT_BREAKOUT,OPEN,,,,,,,,QUEUED_INSUFFICIENT_SLOTS,,"{""score"": ""STRONG_POSITIVE"", ""date"": ""2022-11-02"", ""items"": ""2.02,9.01"", ""source"": ""SEC 8-K 0000913142-22-000025 items 2.02,9.01 filed 2022-11-02""}"
SMCI,2022-11-03,6.0279998779296875,2.0,98.98373983739837,1.7582005904125395,0.05549380822361129,2.5,STRONG_POSITIVE,VCP_PIVOT_BREAKOUT,OPEN,,,,,,,,ALREADY_HELD,,"{""score"": ""STRONG_POSITIVE"", ""date"": ""2022-11-02"", ""items"": NaN, ""source"": ""Business Wire 2022-11-01: Supermicro Announces First Quarter Fiscal Year 2023 Financial Results""}"
NE,2022-11-03,35.44499969482422,1.4,94.71544715447155,1.931034929939114,0.04214380329922525,1.9,STRONG_POSITIVE,VCP_PIVOT_BREAKOUT,OPEN,,,,,,,,QUEUED_INSUFFICIENT_SLOTS,,"{""score"": ""STRONG_POSITIVE"", ""date"": ""2022-11-03"", ""items"": NaN, ""source"": ""SEC (8-K Ex. 99.1) 2022-11-02: Noble Corporation plc Announces Third Quarter 2022 Results and Share Repurchase Authorization""}"
SMCI,2022-11-04,6.0279998779296875,2.0,97.5609756097561,1.7721849045757987,0.06252679047679022,2.5,STRONG_POSITIVE,VCP_PIVOT_BREAKOUT,OPEN,,,,,,,,ALREADY_HELD,,"{""score"": ""STRONG_POSITIVE"", ""date"": ""2022-11-02"", ""items"": NaN, ""source"": ""Business Wire 2022-11-01: Supermicro Announces First Quarter Fiscal Year 2023 Financial Results""}"
TDW,2022-11-04,25.350000381469727,1.7,99.6951219512195,1.7443212041214367,0.05965909808513043,2.2,STRONG_POSITIVE,VCP_PIVOT_BREAKOUT,OPEN,0.4,6179.45179757025,264437.11891212466,False,True,True,212.0,ORDER_SUBMITTED,6152.959747314453,"{""score"": ""STRONG_POSITIVE"", ""date"": ""2022-11-04"", ""items"": NaN, ""source"": ""Tidewater IR / Bloomberg press release 2022-11-03: Tidewater Reports Results for the Three and Nine Months Ended September 30, 2022""}"
NE,2022-11-04,35.44499969482422,1.4,94.51219512195121,1.7652175449936374,0.04261940975728217,1.9,STRONG_POSITIVE,VCP_PIVOT_BREAKOUT,OPEN,,,,,,,,QUEUED_INSUFFICIENT_SLOTS,,"{""score"": ""STRONG_POSITIVE"", ""date"": ""2022-11-03"", ""items"": NaN, ""source"": ""SEC (8-K Ex. 99.1) 2022-11-02: Noble Corporation plc Announces Third Quarter 2022 Results and Share Repurchase Authorization""}"
DINO,2022-11-07,54.18000030517578,1.7,98.8821138211382,1.6416672751358625,0.033930537634556314,2.2,STRONG_POSITIVE,VCP_PIVOT_BREAKOUT,OPEN,0.4,6198.309374735955,2124759.2527442933,False,True,True,213.0,ORDER_SUBMITTED,6156.590118408203,"{""score"": ""STRONG_POSITIVE"", ""date"": ""2022-11-07"", ""items"": ""2.02,9.01"", ""source"": ""SEC 8-K 0001915657-22-000088 items 2.02,9.01 filed 2022-11-07""}"
TDW,2022-11-09,25.350000381469727,1.7,99.59349593495935,5.782302421416341,0.07131351866661165,2.2,STRONG_POSITIVE,VCP_PIVOT_BREAKOUT,OPEN,0.5,7648.612427180217,316187.4602164459,False,True,True,215.0,ORDER_SUBMITTED,7635.840225219727,"{""score"": ""STRONG_POSITIVE"", ""date"": ""2022-11-04"", ""items"": NaN, ""source"": ""Tidewater IR / Bloomberg press release 2022-11-03: Tidewater Reports Results for the Three and Nine Months Ended September 30, 2022""}"
BDC,2022-11-10,64.51000213623047,2.0,87.1951219512195,2.0234565783778042,0.03192480642804865,2.5,STRONG_POSITIVE,VCP_PIVOT_BREAKOUT,OPEN,0.5,7688.197679319689,324130.255239563,False,True,True,216.0,ORDER_SUBMITTED,7656.739730834961,"{""score"": ""STRONG_POSITIVE"", ""date"": ""2022-11-03"", ""items"": NaN, ""source"": ""Belden (Business Wire) 2022-11-02: Belden Reports Strong Results and Record EPS for Third Quarter 2022""}"
TDW,2022-11-10,25.350000381469727,1.7,99.79674796747967,2.3892540725921694,0.06753166222881785,2.2,STRONG_POSITIVE,VCP_PIVOT_BREAKOUT,OPEN,,,,,,,,ALREADY_HELD,,"{""score"": ""STRONG_POSITIVE"", ""date"": ""2022-11-04"", ""items"": NaN, ""source"": ""Tidewater IR / Bloomberg press release 2022-11-03: Tidewater Reports Results for the Three and Nine Months Ended September 30, 2022""}"
SMCI,2022-11-11,6.0279998779296875,2.0,98.3739837398374,2.0689716543467687,0.05553749125470757,2.5,STRONG_POSITIVE,VCP_PIVOT_BREAKOUT,OPEN,,,,,,,,ALREADY_HELD,,"{""score"": ""STRONG_POSITIVE"", ""date"": ""2022-11-02"", ""items"": NaN, ""source"": ""Business Wire 2022-11-01: Supermicro Announces First Quarter Fiscal Year 2023 Financial Results""}"
OVV,2022-11-11,56.59000015258789,1.7,96.64634146341463,1.632675840566071,0.04847071878489576,2.2,STRONG_POSITIVE,VCP_PIVOT_BREAKOUT,OPEN,0.5,7702.43379148584,3834551.931004181,False,True,True,217.0,ORDER_SUBMITTED,7659.470020294189,"{""score"": ""STRONG_POSITIVE"", ""date"": ""2022-11-09"", ""items"": NaN, ""source"": ""PR Newswire 2022-11-08: Ovintiv Reports Third Quarter 2022 Financial and Operating Results""}"
NOG,2022-11-14,33.65999984741211,1.4,97.15447154471545,1.6718162794238722,0.0451325960895902,1.9,STRONG_POSITIVE,VCP_PIVOT_BREAKOUT,OPEN,,,,,,,,QUEUED_INSUFFICIENT_SLOTS,,"{""score"": ""STRONG_POSITIVE"", ""date"": ""2022-11-09"", ""items"": NaN, ""source"": ""Business Wire 2022-11-08: NOG Announces Third Quarter 2022 Results""}"
SMCI,2022-11-15,6.0279998779296875,2.0,98.8821138211382,1.7283020827922921,0.05696858654266983,2.5,STRONG_POSITIVE,VCP_PIVOT_BREAKOUT,OPEN,,,,,,,,ALREADY_HELD,,"{""score"": ""STRONG_POSITIVE"", ""date"": ""2022-11-02"", ""items"": NaN, ""source"": ""Business Wire 2022-11-01: Supermicro Announces First Quarter Fiscal Year 2023 Financial Results""}"
NOG,2022-11-15,33.65999984741211,1.4,96.54471544715447,1.7268469577199599,0.04584584917340959,1.9,STRONG_POSITIVE,VCP_PIVOT_BREAKOUT,OPEN,,,,,,,,QUEUED_INSUFFICIENT_SLOTS,,"{""score"": ""STRONG_POSITIVE"", ""date"": ""2022-11-09"", ""items"": NaN, ""source"": ""Business Wire 2022-11-08: NOG Announces Third Quarter 2022 Results""}"
NOG,2022-11-17,33.65999984741211,1.4,97.5609756097561,1.8918423211389621,0.046412908025731094,1.9,STRONG_POSITIVE,VCP_PIVOT_BREAKOUT,OPEN,0.4,6167.5939490840465,1046003.8314122773,False,True,True,221.0,ORDER_SUBMITTED,6135.360076904297,"{""score"": ""STRONG_POSITIVE"", ""date"": ""2022-11-09"", ""items"": NaN, ""source"": ""Business Wire 2022-11-08: NOG Announces Third Quarter 2022 Results""}"
TDW,2022-11-21,25.350000381469727,1.7,99.49186991869918,1.855822098608053,0.06568558995342208,2.2,STRONG_POSITIVE,VCP_PIVOT_BREAKOUT,OPEN,0.4,6119.815546018062,355077.2088140869,False,True,True,223.0,ORDER_SUBMITTED,6119.250078201294,"{""score"": ""STRONG_POSITIVE"", ""date"": ""2022-11-04"", ""items"": NaN, ""source"": ""Tidewater IR / Bloomberg press release 2022-11-03: Tidewater Reports Results for the Three and Nine Months Ended September 30, 2022""}"
DINO,2022-11-28,54.18000030517578,1.7,98.27235772357723,1.6954377976556216,0.035184267093438755,2.2,STRONG_POSITIVE,VCP_PIVOT_BREAKOUT,OPEN,,,,,,,,ALREADY_HELD,,"{""score"": ""STRONG_POSITIVE"", ""date"": ""2022-11-07"", ""items"": ""2.02,9.01"", ""source"": ""SEC 8-K 0001915657-22-000088 items 2.02,9.01 filed 2022-11-07""}"
TDW,2022-11-29,25.350000381469727,1.7,99.59349593495935,1.9418601991366606,0.050724301626685245,2.2,STRONG_POSITIVE,VCP_PIVOT_BREAKOUT,OPEN,,,,,,,,ALREADY_HELD,,"{""score"": ""STRONG_POSITIVE"", ""date"": ""2022-11-04"", ""items"": NaN, ""source"": ""Tidewater IR / Bloomberg press release 2022-11-03: Tidewater Reports Results for the Three and Nine Months Ended September 30, 2022""}"
SMCI,2022-11-30,6.0279998779296875,2.0,98.47560975609755,1.6526955358974154,0.0538386166070456,2.5,STRONG_POSITIVE,VCP_PIVOT_BREAKOUT,OPEN,0.5,7672.880267482112,1107096.007903862,False,True,True,229.0,ORDER_SUBMITTED,7669.549798965454,"{""score"": ""STRONG_POSITIVE"", ""date"": ""2022-11-02"", ""items"": NaN, ""source"": ""Business Wire 2022-11-01: Supermicro Announces First Quarter Fiscal Year 2023 Financial Results""}"
TDW,2022-11-30,25.350000381469727,1.7,99.49186991869918,1.6750804588875878,0.051950190055910506,2.2,STRONG_POSITIVE,VCP_PIVOT_BREAKOUT,OPEN,,,,,,,,ALREADY_HELD,,"{""score"": ""STRONG_POSITIVE"", ""date"": ""2022-11-04"", ""items"": NaN, ""source"": ""Tidewater IR / Bloomberg press release 2022-11-03: Tidewater Reports Results for the Three and Nine Months Ended September 30, 2022""}"
DINO,2022-11-30,54.18000030517578,1.7,97.86585365853658,7.007158952829159,0.036436132681635924,2.2,STRONG_POSITIVE,VCP_PIVOT_BREAKOUT,OPEN,0.5,7672.880267482112,2528344.4667315674,False,True,True,229.0,ORDER_SUBMITTED,7667.820018768311,"{""score"": ""STRONG_POSITIVE"", ""date"": ""2022-11-07"", ""items"": ""2.02,9.01"", ""source"": ""SEC 8-K 0001915657-22-000088 items 2.02,9.01 filed 2022-11-07""}"
STBA,2022-11-30,31.200000762939453,1.5,84.7560975609756,2.1866599594422524,0.027391767535127575,2.0,STRONG_POSITIVE,VCP_PIVOT_BREAKOUT,OPEN,,,,,,,,QUEUED_INSUFFICIENT_SLOTS,,"{""score"": ""STRONG_POSITIVE"", ""date"": ""2022-10-21"", ""items"": NaN, ""source"": ""PR Newswire 2022-10-20: S&T Bancorp, Inc. Announces Record Quarterly EPS and Net Income""}"
POWL,2022-12-09,9.039999961853027,1.4,89.54314720812184,2.8301447656286367,0.04558546493593979,1.9,STRONG_POSITIVE,VCP_PIVOT_BREAKOUT,OPEN,0.2,2986.201522513647,23228.74967525482,False,True,True,236.0,ORDER_SUBMITTED,2975.8331775665283,"{""score"": ""STRONG_POSITIVE"", ""date"": ""2022-12-06"", ""items"": NaN, ""source"": ""PR Newswire 2022-12-05: Powell Industries Announces Fiscal 2022 Fourth Quarter and Full Year Results""}"
POWL,2022-12-12,9.039999961853027,1.4,90.55837563451776,2.8144884973078805,0.0453266520089557,1.9,STRONG_POSITIVE,VCP_PIVOT_BREAKOUT,OPEN,,,,,,,,ALREADY_HELD,,"{""score"": ""STRONG_POSITIVE"", ""date"": ""2022-12-06"", ""items"": NaN, ""source"": ""PR Newswire 2022-12-05: Powell Industries Announces Fiscal 2022 Fourth Quarter and Full Year Results""}"
USLM,2022-12-13,21.43000030517578,2.0,85.68527918781726,5.11340206185567,0.027171053373285382,2.5,STRONG_POSITIVE,VCP_PIVOT_BREAKOUT,OPEN,0.2,3016.73855756191,12720.211207580567,False,True,True,238.0,ORDER_SUBMITTED,3007.1879119873047,"{""score"": ""STRONG_POSITIVE"", ""date"": ""2022-10-27"", ""items"": NaN, ""source"": ""SEC (8-K Exhibit 99.1) 2022-10-26: United States Lime & Minerals, Inc. Reports Third Quarter 2022 Results""}"
POWL,2022-12-13,9.039999961853027,1.4,89.54314720812184,4.1384995877988455,0.04638541003197839,1.9,STRONG_POSITIVE,VCP_PIVOT_BREAKOUT,OPEN,,,,,,,,ALREADY_HELD,,"{""score"": ""STRONG_POSITIVE"", ""date"": ""2022-12-06"", ""items"": NaN, ""source"": ""PR Newswire 2022-12-05: Powell Industries Announces Fiscal 2022 Fourth Quarter and Full Year Results""}"
POWL,2022-12-14,9.039999961853027,1.4,90.55837563451776,3.03515625,0.04796382153653249,1.9,STRONG_POSITIVE,VCP_PIVOT_BREAKOUT,OPEN,,,,,,,,ALREADY_HELD,,"{""score"": ""STRONG_POSITIVE"", ""date"": ""2022-12-06"", ""items"": NaN, ""source"": ""PR Newswire 2022-12-05: Powell Industries Announces Fiscal 2022 Fourth Quarter and Full Year Results""}"
SMCI,2022-12-15,6.0279998779296875,2.0,98.2741116751269,1.96357548557349,0.06203239527288205,2.5,STRONG_POSITIVE,VCP_PIVOT_BREAKOUT,OPEN,0.2,2999.561255315553,1335357.8057826997,False,True,True,240.0,ORDER_SUBMITTED,2997.575855255127,"{""score"": ""STRONG_POSITIVE"", ""date"": ""2022-11-02"", ""items"": NaN, ""source"": ""Business Wire 2022-11-01: Supermicro Announces First Quarter Fiscal Year 2023 Financial Results""}"
POWL,2022-12-15,9.039999961853027,1.4,89.74619289340102,2.3267605633802817,0.05015697786325015,1.9,STRONG_POSITIVE,VCP_PIVOT_BREAKOUT,OPEN,,,,,,,,ALREADY_HELD,,"{""score"": ""STRONG_POSITIVE"", ""date"": ""2022-12-06"", ""items"": NaN, ""source"": ""PR Newswire 2022-12-05: Powell Industries Announces Fiscal 2022 Fourth Quarter and Full Year Results""}"
DNOW,2022-12-16,11.53499984741211,2.0,94.9238578680203,3.8625058733939306,0.03519668649623283,2.5,STRONG_POSITIVE,VCP_PIVOT_BREAKOUT,OPEN,0.2,2988.8870842918664,149537.67919578552,False,True,True,241.0,ORDER_SUBMITTED,2980.800018310547,"{""score"": ""STRONG_POSITIVE"", ""date"": ""2022-11-03"", ""items"": NaN, ""source"": ""NOW Inc. (SEC 8-K Ex.99.1) 2022-11-02: NOW Inc. Reports Third Quarter 2022 Results""}"
BDC,2022-12-16,64.51000213623047,2.0,87.81725888324873,4.058304700506535,0.030238834573360112,2.5,STRONG_POSITIVE,VCP_PIVOT_BREAKOUT,OPEN,0.2,2988.8870842918664,417402.638656311,False,True,True,241.0,ORDER_SUBMITTED,2940.4000854492188,"{""score"": ""STRONG_POSITIVE"", ""date"": ""2022-11-03"", ""items"": NaN, ""source"": ""Belden (Business Wire) 2022-11-02: Belden Reports Strong Results and Record EPS for Third Quarter 2022""}"
CNR,2022-12-16,66.9000015258789,1.7,99.8984771573604,2.897225517332279,0.057603411396269524,2.2,STRONG_POSITIVE,VCP_PIVOT_BREAKOUT,OPEN,,,,,,,,QUEUED_INSUFFICIENT_SLOTS,,"{""score"": ""STRONG_POSITIVE"", ""date"": ""2022-11-02"", ""items"": NaN, ""source"": ""CONSOL Energy, then ticker CEIX, predecessor of Core Natural Resources (SEC 8-K Ex.99.1) 2022-11-01: CONSOL Energy Announces Results for the Third Quarter 2022""}"
AGYS,2022-12-16,53.45000076293945,1.7,98.07106598984771,6.723922777655436,0.0454435054661513,2.2,STRONG_POSITIVE,VCP_PIVOT_BREAKOUT,OPEN,,,,,,,,QUEUED_INSUFFICIENT_SLOTS,,"{""score"": ""STRONG_POSITIVE"", ""date"": ""2022-12-15"", ""items"": ""8.01,9.01"", ""source"": ""SEC 8-K 0000950170-22-026576 items 8.01,9.01 filed 2022-12-15""}"
POWL,2022-12-16,9.039999961853027,1.4,90.96446700507614,6.076522906527941,0.0508969372437417,1.9,STRONG_POSITIVE,VCP_PIVOT_BREAKOUT,OPEN,,,,,,,,ALREADY_HELD,,"{""score"": ""STRONG_POSITIVE"", ""date"": ""2022-12-06"", ""items"": NaN, ""source"": ""PR Newswire 2022-12-05: Powell Industries Announces Fiscal 2022 Fourth Quarter and Full Year Results""}"
SMCI,2022-12-20,6.0279998779296875,2.0,98.68020304568527,3.563894973717809,0.06071125258952158,2.5,STRONG_POSITIVE,VCP_PIVOT_BREAKOUT,OPEN,,,,,,,,ALREADY_HELD,,"{""score"": ""STRONG_POSITIVE"", ""date"": ""2022-11-02"", ""items"": NaN, ""source"": ""Business Wire 2022-11-01: Supermicro Announces First Quarter Fiscal Year 2023 Financial Results""}"
SMCI,2022-12-21,6.0279998779296875,2.0,98.98477157360406,7.6771427686849725,0.05895175357311917,2.5,STRONG_POSITIVE,VCP_PIVOT_BREAKOUT,OPEN,,,,,,,,ALREADY_HELD,,"{""score"": ""STRONG_POSITIVE"", ""date"": ""2022-11-02"", ""items"": NaN, ""source"": ""Business Wire 2022-11-01: Supermicro Announces First Quarter Fiscal Year 2023 Financial Results""}"
USLM,2022-12-21,21.43000030517578,1.5,82.84263959390863,1.6425498631208448,0.02896370745305156,2.0,STRONG_POSITIVE,VCP_PIVOT_BREAKOUT,OPEN,,,,,,,,ALREADY_HELD,,"{""score"": ""STRONG_POSITIVE"", ""date"": ""2022-10-27"", ""items"": NaN, ""source"": ""SEC (8-K Exhibit 99.1) 2022-10-26: United States Lime & Minerals, Inc. Reports Third Quarter 2022 Results""}"
POWL,2022-12-23,9.039999961853027,1.4,88.02030456852792,1.8331497123270901,0.056753947995893686,1.9,STRONG_POSITIVE,VCP_PIVOT_BREAKOUT,OPEN,,,,,,,,ALREADY_HELD,,"{""score"": ""STRONG_POSITIVE"", ""date"": ""2022-12-06"", ""items"": NaN, ""source"": ""PR Newswire 2022-12-05: Powell Industries Announces Fiscal 2022 Fourth Quarter and Full Year Results""}"
SMCI,2023-01-09,6.0279998779296875,2.0,99.18781725888324,2.1597930500403684,0.048180781795629235,2.5,STRONG_POSITIVE,VCP_PIVOT_BREAKOUT,OPEN,,,,,,,,ALREADY_HELD,,"{""score"": ""STRONG_POSITIVE"", ""date"": ""2022-11-02"", ""items"": NaN, ""source"": ""Business Wire 2022-11-01: Supermicro Announces First Quarter Fiscal Year 2023 Financial Results""}"
GPK,2023-01-31,22.84000015258789,2.0,85.88832487309645,1.6560367970179368,0.023424068895925094,2.0,,VCP_PIVOT_BREAKOUT,OPEN,0.4,5992.888474702561,1312230.1767585755,False,True,True,270.0,ORDER_SUBMITTED,5974.320037841797,null
AEIS,2023-02-01,92.33000183105469,1.7,73.40101522842639,1.7301335692606383,0.03202673764105748,1.7,,VCP_PIVOT_BREAKOUT,OPEN,0.4,6000.484488793326,294485.273359375,False,True,True,271.0,ORDER_SUBMITTED,5984.710037231445,null
AEIS,2023-02-02,92.33000183105469,1.7,74.11167512690355,2.264308758513562,0.031584013433205535,1.7,,VCP_PIVOT_BREAKOUT,OPEN,,,,,,,,ALREADY_HELD,,null
AEIS,2023-02-06,92.33000183105469,1.7,71.97969543147208,1.6979058197385166,0.034853036162314804,1.7,,VCP_PIVOT_BREAKOUT,OPEN,,,,,,,,ALREADY_HELD,,null
BDC,2023-02-07,80.52999877929688,2.0,92.79187817258884,1.7757611513918863,0.02061847158634813,2.0,NEUTRAL,VCP_PIVOT_BREAKOUT,OPEN,0.5,7463.395628662188,399111.44530609134,False,True,True,275.0,ORDER_SUBMITTED,7384.330108642578,"{""score"": ""NEUTRAL"", ""date"": ""2023-01-05"", ""items"": ""1.01,9.01"", ""source"": ""SEC 8-K 0000913142-23-000002 items 1.01,9.01 filed 2023-01-05""}"
AEIS,2023-02-08,92.33000183105469,1.7,77.05583756345177,1.6985090616909204,0.03267720951300267,1.7,,VCP_PIVOT_BREAKOUT,OPEN,,,,,,,,ALREADY_HELD,,null
HCC,2023-02-13,36.70000076293945,2.0,86.19289340101523,1.7332257845537058,0.03357143379510749,2.0,NEUTRAL,VCP_PIVOT_BREAKOUT,OPEN,0.5,7476.911413134115,362225.5493183899,False,True,True,279.0,ORDER_SUBMITTED,7449.799705505371,"{""score"": ""NEUTRAL"", ""date"": ""2022-12-14"", ""items"": ""5.03,9.01"", ""source"": ""SEC 8-K 0001193125-22-303798 items 5.03,9.01 filed 2022-12-13""}"
HCC,2023-02-15,36.70000076293945,2.0,88.22335025380711,2.054046066319011,0.03404814815971867,2.0,NEUTRAL,VCP_PIVOT_BREAKOUT,OPEN,,,,,,,,ALREADY_HELD,,"{""score"": ""NEUTRAL"", ""date"": ""2022-12-14"", ""items"": ""5.03,9.01"", ""source"": ""SEC 8-K 0001193125-22-303798 items 5.03,9.01 filed 2022-12-13""}"
KNSL,2023-02-17,288.94000244140625,2.0,97.66497461928934,2.6270303401777504,0.03730775485314873,2.5,STRONG_POSITIVE,VCP_PIVOT_BREAKOUT,OPEN,0.5,7521.018503988377,918306.0065258789,False,True,True,283.0,ORDER_SUBMITTED,7354.8199462890625,"{""score"": ""STRONG_POSITIVE"", ""date"": ""2023-02-17"", ""items"": NaN, ""source"": ""Kinsale Capital Group (Business Wire) 2023-02-16: Kinsale Capital Group, Inc. Reports 2022 Fourth Quarter and Year-End Results""}"
KNSL,2023-02-21,288.94000244140625,2.0,97.56345177664974,1.9428571428571428,0.04206169973256213,2.5,STRONG_POSITIVE,VCP_PIVOT_BREAKOUT,OPEN,,,,,,,,ALREADY_HELD,,"{""score"": ""STRONG_POSITIVE"", ""date"": ""2023-02-17"", ""items"": NaN, ""source"": ""Kinsale Capital Group (Business Wire) 2023-02-16: Kinsale Capital Group, Inc. Reports 2022 Fourth Quarter and Year-End Results""}"
XPEL,2023-02-27,69.25,1.7,74.9238578680203,1.8215134245384101,0.03664183755019384,1.7,,VCP_PIVOT_BREAKOUT,OPEN,0.4,5885.254964107802,184010.89181442262,False,True,True,288.0,ORDER_SUBMITTED,5870.239837646484,null
MTRN,2023-03-17,96.62999725341797,1.7,89.54314720812184,3.057799633142099,0.04250020602843924,2.2,STRONG_POSITIVE,VCP_PIVOT_BREAKOUT,OPEN,0.2,2928.8704117089183,303212.3967443848,False,True,True,302.0,ORDER_SUBMITTED,2842.0200576782227,"{""score"": ""STRONG_POSITIVE"", ""date"": ""2023-02-17"", ""items"": NaN, ""source"": ""SEC (8-K Ex. 99.1) 2023-02-16: Materion Corporation Reports Record Fourth Quarter and Full-Year 2022 Financial Results and Provides 2023 Outlook""}"
GGG,2023-05-02,72.47000122070312,2.0,86.91683569979716,1.6432320801779567,0.021788122781635028,2.5,STRONG_POSITIVE,VCP_PIVOT_BREAKOUT,OPEN,0.2,2929.3791801052685,1516038.1183666992,False,True,True,333.0,ORDER_SUBMITTED,2874.9600219726562,"{""score"": ""STRONG_POSITIVE"", ""date"": ""2023-04-27"", ""items"": NaN, ""source"": ""Graco (SEC Ex.99.1) 2023-04-26: Graco Reports Record First Quarter Sales and Operating Earnings""}"
EXP,2023-05-04,147.6999969482422,2.0,83.36713995943205,2.4427376018862055,0.02150620337814662,2.5,STRONG_POSITIVE,VCP_PIVOT_BREAKOUT,OPEN,0.4,5871.895309738717,788856.0556225586,False,True,True,335.0,ORDER_SUBMITTED,5786.799774169922,"{""score"": ""STRONG_POSITIVE"", ""date"": ""2023-05-04"", ""items"": ""7.01,9.01"", ""source"": ""SEC 8-K 0001193125-23-134452 items 7.01,9.01 filed 2023-05-03""}"
EXP,2023-05-05,147.6999969482422,2.0,81.33874239350912,1.9215079476719652,0.022497671848644298,2.5,STRONG_POSITIVE,VCP_PIVOT_BREAKOUT,OPEN,,,,,,,,ALREADY_HELD,,"{""score"": ""STRONG_POSITIVE"", ""date"": ""2023-05-04"", ""items"": ""7.01,9.01"", ""source"": ""SEC 8-K 0001193125-23-134452 items 7.01,9.01 filed 2023-05-03""}"
EXP,2023-05-18,147.6999969482422,2.0,85.39553752535497,2.2041404882068183,0.021360171363314473,2.5,STRONG_POSITIVE,VCP_PIVOT_BREAKOUT,OPEN,,,,,,,,ALREADY_HELD,,"{""score"": ""STRONG_POSITIVE"", ""date"": ""2023-05-18"", ""items"": ""2.02,9.01"", ""source"": ""SEC 8-K 0001193125-23-147603 items 2.02,9.01 filed 2023-05-18""}"
EXP,2023-05-19,147.6999969482422,2.0,85.80121703853956,1.7225647597131184,0.021653694843133876,2.5,STRONG_POSITIVE,VCP_PIVOT_BREAKOUT,OPEN,,,,,,,,ALREADY_HELD,,"{""score"": ""STRONG_POSITIVE"", ""date"": ""2023-05-19"", ""items"": NaN, ""source"": ""Eagle Materials (SEC 8-K Ex.99.1) 2023-05-18: Eagle Materials Announces Record Fourth Quarter and Fiscal Year 2023 Results""}"
PRIM,2023-05-19,25.559999465942383,2.0,71.50101419878297,2.1932898639990372,0.033860522795719605,2.5,STRONG_POSITIVE,VCP_PIVOT_BREAKOUT,OPEN,0.4,5892.666977874952,141399.30654273988,False,True,True,346.0,ORDER_SUBMITTED,5868.1498374938965,"{""score"": ""STRONG_POSITIVE"", ""date"": ""2023-05-10"", ""items"": NaN, ""source"": ""SEC (Form 8-K Ex. 99) 2023-05-09: Primoris Services Corporation Reports First Quarter 2023 Results""}"
MANH,2023-05-26,146.99000549316406,2.0,92.90060851926978,1.8696023536110848,0.017986637730554624,2.5,STRONG_POSITIVE,VCP_PIVOT_BREAKOUT,OPEN,0.4,5882.14177058891,963575.0352606202,False,True,True,351.0,ORDER_SUBMITTED,5736.31982421875,"{""score"": ""STRONG_POSITIVE"", ""date"": ""2023-04-26"", ""items"": NaN, ""source"": ""Business Wire 2023-04-25: Manhattan Associates Reports Record First Quarter Results""}"
MANH,2023-05-31,146.99000549316406,2.0,93.4077079107505,1.8319934459859994,0.018961521366912794,2.5,STRONG_POSITIVE,VCP_PIVOT_BREAKOUT,OPEN,,,,,,,,ALREADY_HELD,,"{""score"": ""STRONG_POSITIVE"", ""date"": ""2023-04-26"", ""items"": NaN, ""source"": ""Business Wire 2023-04-25: Manhattan Associates Reports Record First Quarter Results""}"
CSW,2023-05-31,139.3699951171875,2.0,88.23529411764706,1.663522551877894,0.025296367721001342,2.5,STRONG_POSITIVE,VCP_PIVOT_BREAKOUT,OPEN,0.4,5866.779096539371,127854.20104431153,False,True,True,353.0,ORDER_SUBMITTED,5810.520050048828,"{""score"": ""STRONG_POSITIVE"", ""date"": ""2023-05-26"", ""items"": NaN, ""source"": ""CSW Industrials (SEC 8-K Ex.99, GlobeNewswire) 2023-05-25: CSW Industrials Reports Record Fiscal 2023 Fourth Quarter and Full Year Results""}"
GGG,2023-05-31,72.47000122070312,2.0,82.04868154158214,7.9377275521301245,0.016892968709735164,2.5,STRONG_POSITIVE,VCP_PIVOT_BREAKOUT,OPEN,,,,,,,,ALREADY_HELD,,"{""score"": ""STRONG_POSITIVE"", ""date"": ""2023-04-27"", ""items"": NaN, ""source"": ""Graco (SEC Ex.99.1) 2023-04-26: Graco Reports Record First Quarter Sales and Operating Earnings""}"
PRIM,2023-05-31,25.559999465942383,2.0,70.4868154158215,1.608717238889056,0.033928581341497704,2.5,STRONG_POSITIVE,VCP_PIVOT_BREAKOUT,OPEN,,,,,,,,ALREADY_HELD,,"{""score"": ""STRONG_POSITIVE"", ""date"": ""2023-05-10"", ""items"": NaN, ""source"": ""SEC (Form 8-K Ex. 99) 2023-05-09: Primoris Services Corporation Reports First Quarter 2023 Results""}"
MANH,2023-06-05,146.99000549316406,2.0,91.68356997971603,1.8938398949290451,0.019877520097176048,2.5,STRONG_POSITIVE,VCP_PIVOT_BREAKOUT,OPEN,,,,,,,,ALREADY_HELD,,"{""score"": ""STRONG_POSITIVE"", ""date"": ""2023-04-26"", ""items"": NaN, ""source"": ""Business Wire 2023-04-25: Manhattan Associates Reports Record First Quarter Results""}"
PRIM,2023-06-06,25.559999465942383,2.0,74.34077079107504,2.8231881609146847,0.033310331781134565,2.5,STRONG_POSITIVE,VCP_PIVOT_BREAKOUT,OPEN,,,,,,,,ALREADY_HELD,,"{""score"": ""STRONG_POSITIVE"", ""date"": ""2023-05-10"", ""items"": NaN, ""source"": ""SEC (Form 8-K Ex. 99) 2023-05-09: Primoris Services Corporation Reports First Quarter 2023 Results""}"
EXP,2023-06-07,147.6999969482422,2.0,78.60040567951319,1.7631363022593212,0.020915116627805336,2.5,STRONG_POSITIVE,VCP_PIVOT_BREAKOUT,OPEN,,,,,,,,ALREADY_HELD,,"{""score"": ""STRONG_POSITIVE"", ""date"": ""2023-05-19"", ""items"": NaN, ""source"": ""Eagle Materials (SEC 8-K Ex.99.1) 2023-05-18: Eagle Materials Announces Record Fourth Quarter and Fiscal Year 2023 Results""}"
PRIM,2023-06-07,25.559999465942383,2.0,75.45638945233266,2.122092824931606,0.03173807826019923,2.5,STRONG_POSITIVE,VCP_PIVOT_BREAKOUT,OPEN,,,,,,,,ALREADY_HELD,,"{""score"": ""STRONG_POSITIVE"", ""date"": ""2023-05-10"", ""items"": NaN, ""source"": ""SEC (Form 8-K Ex. 99) 2023-05-09: Primoris Services Corporation Reports First Quarter 2023 Results""}"
MANH,2023-06-16,146.99000549316406,2.0,91.88640973630832,2.068925403518976,0.020373581055449497,2.5,STRONG_POSITIVE,VCP_PIVOT_BREAKOUT,OPEN,,,,,,,,ALREADY_HELD,,"{""score"": ""STRONG_POSITIVE"", ""date"": ""2023-04-26"", ""items"": NaN, ""source"": ""Business Wire 2023-04-25: Manhattan Associates Reports Record First Quarter Results""}"
EXP,2023-06-16,147.6999969482422,2.0,82.35294117647058,2.798383674152535,0.020449468771087016,2.5,STRONG_POSITIVE,VCP_PIVOT_BREAKOUT,OPEN,,,,,,,,ALREADY_HELD,,"{""score"": ""STRONG_POSITIVE"", ""date"": ""2023-05-19"", ""items"": NaN, ""source"": ""Eagle Materials (SEC 8-K Ex.99.1) 2023-05-18: Eagle Materials Announces Record Fourth Quarter and Fiscal Year 2023 Results""}"
TDW,2023-06-21,46.689998626708984,2.0,97.3630831643002,2.2789901306756692,0.04759912434654315,2.5,STRONG_POSITIVE,VCP_PIVOT_BREAKOUT,OPEN,0.5,7529.293620995201,561720.1028196716,False,False,True,367.0,ORDER_SUBMITTED,7510.880023956299,"{""score"": ""STRONG_POSITIVE"", ""date"": ""2023-05-09"", ""items"": ""2.02,9.01"", ""source"": ""SEC 8-K 0001437749-23-013027 items 2.02,9.01 filed 2023-05-08""}"
CSW,2023-06-21,139.3699951171875,2.0,89.65517241379311,2.2437599575146043,0.031576394172860074,2.5,STRONG_POSITIVE,VCP_PIVOT_BREAKOUT,OPEN,0.5,7529.293620995201,130417.89338500977,False,False,True,367.0,ORDER_SUBMITTED,7468.100280761719,"{""score"": ""STRONG_POSITIVE"", ""date"": ""2023-05-26"", ""items"": NaN, ""source"": ""CSW Industrials (SEC 8-K Ex.99, GlobeNewswire) 2023-05-25: CSW Industrials Reports Record Fiscal 2023 Fourth Quarter and Full Year Results""}"
CSW,2023-06-22,139.3699951171875,2.0,90.06085192697769,2.3250311868198046,0.030586140613995377,2.5,STRONG_POSITIVE,VCP_PIVOT_BREAKOUT,OPEN,,,,,,,,ALREADY_HELD,,"{""score"": ""STRONG_POSITIVE"", ""date"": ""2023-05-26"", ""items"": NaN, ""source"": ""CSW Industrials (SEC 8-K Ex.99, GlobeNewswire) 2023-05-25: CSW Industrials Reports Record Fiscal 2023 Fourth Quarter and Full Year Results""}"
APG,2023-06-23,15.533332824707031,2.0,92.79918864097363,6.31663763149858,0.020692934397549958,2.5,STRONG_POSITIVE,VCP_PIVOT_BREAKOUT,OPEN,,,,,,,,QUEUED_INSUFFICIENT_SLOTS,,"{""score"": ""STRONG_POSITIVE"", ""date"": ""2023-05-04"", ""items"": ""2.02,9.01"", ""source"": ""SEC 8-K 0000950170-23-017465 items 2.02,9.01 filed 2023-05-04""}"
MANH,2023-06-23,146.99000549316406,2.0,91.17647058823529,2.9226914894765827,0.019182669812045153,2.5,STRONG_POSITIVE,VCP_PIVOT_BREAKOUT,OPEN,,,,,,,,ALREADY_HELD,,"{""score"": ""STRONG_POSITIVE"", ""date"": ""2023-04-26"", ""items"": NaN, ""source"": ""Business Wire 2023-04-25: Manhattan Associates Reports Record First Quarter Results""}"
EXP,2023-06-23,147.6999969482422,2.0,89.24949290060852,1.7830223301244954,0.021002128147279253,2.5,STRONG_POSITIVE,VCP_PIVOT_BREAKOUT,OPEN,,,,,,,,ALREADY_HELD,,"{""score"": ""STRONG_POSITIVE"", ""date"": ""2023-05-19"", ""items"": NaN, ""source"": ""Eagle Materials (SEC 8-K Ex.99.1) 2023-05-18: Eagle Materials Announces Record Fourth Quarter and Fiscal Year 2023 Results""}"
WFRD,2023-06-29,64.5,2.0,99.29006085192698,2.2196546558751464,0.04129882990518536,2.5,STRONG_POSITIVE,VCP_PIVOT_BREAKOUT,OPEN,0.5,7610.422242547163,850272.0107293702,False,False,True,373.0,ORDER_SUBMITTED,7587.5604248046875,"{""score"": ""STRONG_POSITIVE"", ""date"": ""2023-04-26"", ""items"": NaN, ""source"": ""SEC (8-K Exhibit 99.1) 2023-04-25: Weatherford Announces First Quarter 2023 Results""}"
CSW,2023-06-30,139.3699951171875,2.0,88.3367139959432,1.9178134998650784,0.024781441489057792,2.5,STRONG_POSITIVE,VCP_PIVOT_BREAKOUT,OPEN,,,,,,,,ALREADY_HELD,,"{""score"": ""STRONG_POSITIVE"", ""date"": ""2023-05-26"", ""items"": NaN, ""source"": ""CSW Industrials (SEC 8-K Ex.99, GlobeNewswire) 2023-05-25: CSW Industrials Reports Record Fiscal 2023 Fourth Quarter and Full Year Results""}"
TDW,2023-06-30,50.0099983215332,1.7,98.17444219066938,2.430284909896809,0.044024426684397815,2.2,STRONG_POSITIVE,VCP_PIVOT_BREAKOUT,OPEN,,,,,,,,ALREADY_HELD,,"{""score"": ""STRONG_POSITIVE"", ""date"": ""2023-06-27"", ""items"": ""5.07,8.01,9.01"", ""source"": ""SEC 8-K 0001437749-23-018556 items 5.07,8.01,9.01 filed 2023-06-27""}"
TDW,2023-07-07,50.0099983215332,1.7,99.49290060851928,2.928270970225167,0.04555536215681253,2.2,STRONG_POSITIVE,VCP_PIVOT_BREAKOUT,OPEN,0.5,7658.106902708751,689072.2968217469,False,False,True,378.0,ORDER_SUBMITTED,7619.300079345703,"{""score"": ""STRONG_POSITIVE"", ""date"": ""2023-07-06"", ""items"": ""1.01,2.01,2.03,7.01,9.01"", ""source"": ""SEC 8-K 0001104659-23-078507 items 1.01,2.01,2.03,7.01,9.01 filed 2023-07-06""}"
BJRI,2023-07-12,32.52000045776367,2.0,89.8580121703854,1.807702990463846,0.035246139633246826,2.5,STRONG_POSITIVE,VCP_PIVOT_BREAKOUT,OPEN,0.5,7765.620013584831,189477.98106269838,False,False,True,381.0,ORDER_SUBMITTED,7758.580413818359,"{""score"": ""STRONG_POSITIVE"", ""date"": ""2023-04-28"", ""items"": ""2.02,9.01"", ""source"": ""SEC 8-K 0001171843-23-002640 items 2.02,9.01 filed 2023-04-27""}"
TDW,2023-07-14,50.0099983215332,1.7,99.49290060851928,1.8381354076817362,0.04126851370981346,2.2,STRONG_POSITIVE,VCP_PIVOT_BREAKOUT,OPEN,,,,,,,,ALREADY_HELD,,"{""score"": ""STRONG_POSITIVE"", ""date"": ""2023-07-06"", ""items"": ""1.01,2.01,2.03,7.01,9.01"", ""source"": ""SEC 8-K 0001104659-23-078507 items 1.01,2.01,2.03,7.01,9.01 filed 2023-07-06""}"
NE,2023-07-18,40.869998931884766,2.0,96.24746450304261,2.0641955915427275,0.03377711336637783,2.5,STRONG_POSITIVE,VCP_PIVOT_BREAKOUT,OPEN,0.5,7851.8895150027065,1266957.6311376954,False,False,True,385.0,ORDER_SUBMITTED,7850.490253448486,"{""score"": ""STRONG_POSITIVE"", ""date"": ""2023-05-04"", ""items"": NaN, ""source"": ""SEC (8-K Ex. 99.1) 2023-05-03: Noble Corporation plc Announces First Quarter 2023 Results""}"
CSW,2023-07-18,139.3699951171875,2.0,85.6997971602434,2.2091586475455873,0.020003195231288656,2.5,STRONG_POSITIVE,VCP_PIVOT_BREAKOUT,OPEN,,,,,,,,ALREADY_HELD,,"{""score"": ""STRONG_POSITIVE"", ""date"": ""2023-05-26"", ""items"": NaN, ""source"": ""CSW Industrials (SEC 8-K Ex.99, GlobeNewswire) 2023-05-25: CSW Industrials Reports Record Fiscal 2023 Fourth Quarter and Full Year Results""}"
FLS,2023-07-20,35.61000061035156,2.0,72.31237322515213,1.8012569038140862,0.01793233254798373,2.5,STRONG_POSITIVE,VCP_PIVOT_BREAKOUT,OPEN,0.5,7826.312876136185,597438.4792593383,False,False,True,387.0,ORDER_SUBMITTED,7790.0,"{""score"": ""STRONG_POSITIVE"", ""date"": ""2023-05-02"", ""items"": NaN, ""source"": ""Flowserve (Business Wire) 2023-05-01: Flowserve Corporation Reports First Quarter 2023 Results; Raises 2023 Financial Guidance""}"
MANH,2023-07-21,146.99000549316406,2.0,91.48073022312373,2.551367964133517,0.022440884568557768,2.5,STRONG_POSITIVE,VCP_PIVOT_BREAKOUT,OPEN,,,,,,,,QUEUED_INSUFFICIENT_SLOTS,,"{""score"": ""STRONG_POSITIVE"", ""date"": ""2023-04-26"", ""items"": NaN, ""source"": ""Business Wire 2023-04-25: Manhattan Associates Reports Record First Quarter Results""}"
WFRD,2023-07-26,64.5,2.0,99.89858012170384,2.685315597287428,0.03689871192477894,2.5,STRONG_POSITIVE,VCP_PIVOT_BREAKOUT,OPEN,,,,,,,,QUEUED_INSUFFICIENT_SLOTS,,"{""score"": ""STRONG_POSITIVE"", ""date"": ""2023-07-26"", ""items"": NaN, ""source"": ""SEC (8-K Exhibit 99.1) 2023-07-25: Weatherford Announces Second Quarter 2023 Results and Raises Full-Year Outlook""}"
TBBK,2023-07-26,36.4900016784668,1.7,93.8133874239351,1.677056309880361,0.031446894407748886,2.2,STRONG_POSITIVE,VCP_PIVOT_BREAKOUT,OPEN,,,,,,,,QUEUED_INSUFFICIENT_SLOTS,,"{""score"": ""STRONG_POSITIVE"", ""date"": ""2023-06-14"", ""items"": ""7.01,9.01"", ""source"": ""SEC 8-K 0000950159-23-000207 items 7.01,9.01 filed 2023-06-13""}"
TBBK,2023-07-27,36.4900016784668,1.7,92.79918864097363,1.7857048668435405,0.03578745236424512,2.2,STRONG_POSITIVE,VCP_PIVOT_BREAKOUT,OPEN,0.5,7761.715343564299,260417.41089523316,False,False,True,392.0,ORDER_SUBMITTED,7733.880271911621,"{""score"": ""STRONG_POSITIVE"", ""date"": ""2023-07-27"", ""items"": NaN, ""source"": ""Business Wire 2023-07-26: The Bancorp, Inc. Reports Second Quarter 2023 Financial Results""}"
CASH,2023-07-27,50.7599983215332,1.7,70.89249492900609,2.436835565373464,0.037135309548185114,2.2,STRONG_POSITIVE,VCP_PIVOT_BREAKOUT,OPEN,,,,,,,,QUEUED_INSUFFICIENT_SLOTS,,"{""score"": ""STRONG_POSITIVE"", ""date"": ""2023-07-27"", ""items"": NaN, ""source"": ""Pathward Financial (SEC 8-K Ex.99) 2023-07-26: Pathward Financial, Inc. Announces Results for 2023 Fiscal Third Quarter""}"
BJRI,2023-07-28,32.52000045776367,2.0,91.58215010141988,2.4322582833112896,0.036419545862386604,2.5,STRONG_POSITIVE,VCP_PIVOT_BREAKOUT,OPEN,,,,,,,,ALREADY_HELD,,"{""score"": ""STRONG_POSITIVE"", ""date"": ""2023-07-28"", ""items"": NaN, ""source"": ""BJ's Restaurants (SEC 8-K Ex.99.1) 2023-07-27: BJ's Restaurants, Inc. Reports Fiscal Second Quarter 2023 Results""}"
TBBK,2023-07-28,36.4900016784668,1.7,91.17647058823529,1.9170197703885339,0.03847868146170933,2.2,STRONG_POSITIVE,VCP_PIVOT_BREAKOUT,OPEN,,,,,,,,ALREADY_HELD,,"{""score"": ""STRONG_POSITIVE"", ""date"": ""2023-07-28"", ""items"": ""2.02,7.01,9.01"", ""source"": ""SEC 8-K 0000950159-23-000223 items 2.02,7.01,9.01 filed 2023-07-27""}"
BJRI,2023-07-31,32.52000045776367,2.0,91.17647058823529,1.6130225924081973,0.03664363884323827,2.5,STRONG_POSITIVE,VCP_PIVOT_BREAKOUT,OPEN,,,,,,,,ALREADY_HELD,,"{""score"": ""STRONG_POSITIVE"", ""date"": ""2023-07-28"", ""items"": NaN, ""source"": ""BJ's Restaurants (SEC 8-K Ex.99.1) 2023-07-27: BJ's Restaurants, Inc. Reports Fiscal Second Quarter 2023 Results""}"
AROC,2023-07-31,10.4399995803833,2.0,80.4259634888438,1.8439056890842374,0.02046067844873151,2.5,STRONG_POSITIVE,VCP_PIVOT_BREAKOUT,OPEN,,,,,,,,QUEUED_INSUFFICIENT_SLOTS,,"{""score"": ""STRONG_POSITIVE"", ""date"": ""2023-05-03"", ""items"": ""2.02,9.01"", ""source"": ""SEC 8-K 0001389050-23-000019 items 2.02,9.01 filed 2023-05-03""}"
NVT,2023-08-01,43.84000015258789,2.0,90.87221095334685,1.911735237774625,0.028148038249902394,2.5,STRONG_POSITIVE,VCP_PIVOT_BREAKOUT,OPEN,,,,,,,,QUEUED_INSUFFICIENT_SLOTS,,"{""score"": ""STRONG_POSITIVE"", ""date"": ""2023-07-29"", ""items"": NaN, ""source"": ""SEC (Form 8-K Ex. 99.1) 2023-07-28: nVent Second Quarter 2023 Financial Results""}"
AROC,2023-08-01,10.210000038146973,1.7,89.35091277890467,2.457949491359353,0.02438752325614592,2.2,STRONG_POSITIVE,VCP_PIVOT_BREAKOUT,OPEN,,,,,,,,QUEUED_INSUFFICIENT_SLOTS,,"{""score"": ""STRONG_POSITIVE"", ""date"": ""2023-08-01"", ""items"": NaN, ""source"": ""Archrock (SEC 8-K Ex.99.1) 2023-07-31: Archrock Reports Second Quarter 2023 Results""}"
NVT,2023-08-02,43.84000015258789,2.0,91.58215010141988,2.4722035888625356,0.028641397522579118,2.5,STRONG_POSITIVE,VCP_PIVOT_BREAKOUT,OPEN,,,,,,,,QUEUED_INSUFFICIENT_SLOTS,,"{""score"": ""STRONG_POSITIVE"", ""date"": ""2023-07-29"", ""items"": NaN, ""source"": ""SEC (Form 8-K Ex. 99.1) 2023-07-28: nVent Second Quarter 2023 Financial Results""}"
NVT,2023-08-03,43.84000015258789,2.0,91.98782961460446,1.6470077385678867,0.030343864540815425,2.5,STRONG_POSITIVE,VCP_PIVOT_BREAKOUT,OPEN,0.5,7942.13062761777,1332302.9214299012,False,False,True,397.0,ORDER_SUBMITTED,7938.720153808594,"{""score"": ""STRONG_POSITIVE"", ""date"": ""2023-07-29"", ""items"": NaN, ""source"": ""SEC (Form 8-K Ex. 99.1) 2023-07-28: nVent Second Quarter 2023 Financial Results""}"
AROC,2023-08-04,10.210000038146973,1.7,92.49492900608519,1.6061995610644304,0.027981756936304107,2.2,STRONG_POSITIVE,VCP_PIVOT_BREAKOUT,OPEN,1.0,15875.660092763168,181905.2195271683,False,False,False,398.0,ORDER_SUBMITTED,15870.240188598633,"{""score"": ""STRONG_POSITIVE"", ""date"": ""2023-08-01"", ""items"": NaN, ""source"": ""Archrock (SEC 8-K Ex.99.1) 2023-07-31: Archrock Reports Second Quarter 2023 Results""}"
YELP,2023-08-04,30.989999771118164,1.7,85.19269776876268,2.97176116902564,0.03238578895249392,2.2,STRONG_POSITIVE,VCP_PIVOT_BREAKOUT,OPEN,,,,,,,,QUEUED_INSUFFICIENT_SLOTS,,"{""score"": ""STRONG_POSITIVE"", ""date"": ""2023-08-04"", ""items"": NaN, ""source"": ""Business Wire (SEC 8-K Exhibit 99.1) 2023-08-03: Yelp Reports Second Quarter 2023 Financial Results""}"
TDW,2023-08-08,50.0099983215332,1.7,99.69574036511156,2.218492516709763,0.04234808174358393,2.2,STRONG_POSITIVE,VCP_PIVOT_BREAKOUT,OPEN,,,,,,,,QUEUED_INSUFFICIENT_SLOTS,,"{""score"": ""STRONG_POSITIVE"", ""date"": ""2023-08-08"", ""items"": ""2.02,9.01"", ""source"": ""SEC 8-K 0001437749-23-022333 items 2.02,9.01 filed 2023-08-07""}"
YELP,2023-08-23,30.989999771118164,1.7,76.16632860040568,1.9547116028147413,0.0338707571992695,2.2,STRONG_POSITIVE,VCP_PIVOT_BREAKOUT,OPEN,1.0,15539.116439964464,603342.6162220765,False,False,False,411.0,ORDER_SUBMITTED,15513.679611206055,"{""score"": ""STRONG_POSITIVE"", ""date"": ""2023-08-04"", ""items"": NaN, ""source"": ""Business Wire (SEC 8-K Exhibit 99.1) 2023-08-03: Yelp Reports Second Quarter 2023 Financial Results""}"
WFRD,2023-09-05,64.5,2.0,99.39148073022312,2.9487989004607615,0.02971684233590478,2.5,STRONG_POSITIVE,VCP_PIVOT_BREAKOUT,OPEN,1.0,15779.49068566529,1245212.1085342409,False,False,False,419.0,ORDER_SUBMITTED,15729.159683227539,"{""score"": ""STRONG_POSITIVE"", ""date"": ""2023-09-02"", ""items"": NaN, ""source"": ""S&P Dow Jones Indices (PR Newswire) 2023-09-01: Blackstone and Airbnb Set to Join S&P 500; Others to Join S&P 100, S&P MidCap 400 and S&P SmallCap 600""}"
WFRD,2023-09-06,64.5,2.0,99.18864097363083,2.0907891553795395,0.029188102454782473,2.5,STRONG_POSITIVE,VCP_PIVOT_BREAKOUT,OPEN,,,,,,,,ALREADY_HELD,,"{""score"": ""STRONG_POSITIVE"", ""date"": ""2023-09-02"", ""items"": NaN, ""source"": ""S&P Dow Jones Indices (PR Newswire) 2023-09-01: Blackstone and Airbnb Set to Join S&P 500; Others to Join S&P 100, S&P MidCap 400 and S&P SmallCap 600""}"
WFRD,2023-09-08,64.5,2.0,99.39148073022312,1.7187476994203765,0.027121181078273077,2.5,STRONG_POSITIVE,VCP_PIVOT_BREAKOUT,OPEN,,,,,,,,ALREADY_HELD,,"{""score"": ""STRONG_POSITIVE"", ""date"": ""2023-09-02"", ""items"": NaN, ""source"": ""S&P Dow Jones Indices (PR Newswire) 2023-09-01: Blackstone and Airbnb Set to Join S&P 500; Others to Join S&P 100, S&P MidCap 400 and S&P SmallCap 600""}"
WFRD,2023-09-12,64.5,2.0,99.59432048681542,2.0314385842458083,0.027668172993122457,2.5,STRONG_POSITIVE,VCP_PIVOT_BREAKOUT,OPEN,,,,,,,,ALREADY_HELD,,"{""score"": ""STRONG_POSITIVE"", ""date"": ""2023-09-02"", ""items"": NaN, ""source"": ""S&P Dow Jones Indices (PR Newswire) 2023-09-01: Blackstone and Airbnb Set to Join S&P 500; Others to Join S&P 100, S&P MidCap 400 and S&P SmallCap 600""}"
ROAD,2023-09-12,30.520000457763672,2.0,70.99391480730223,1.9511747300627793,0.02736419837922021,2.5,STRONG_POSITIVE,VCP_PIVOT_BREAKOUT,OPEN,,,,,,,,QUEUED_INSUFFICIENT_SLOTS,,"{""score"": ""STRONG_POSITIVE"", ""date"": ""2023-08-03"", ""items"": NaN, ""source"": ""SEC (Form 8-K Ex. 99.1) 2023-08-02: Construction Partners, Inc. Announces Fiscal 2023 Third Quarter Results""}"
WFRD,2023-09-14,64.5,2.0,99.18864097363083,1.7537117057226745,0.029621206805695,2.5,STRONG_POSITIVE,VCP_PIVOT_BREAKOUT,OPEN,,,,,,,,ALREADY_HELD,,"{""score"": ""STRONG_POSITIVE"", ""date"": ""2023-09-02"", ""items"": NaN, ""source"": ""S&P Dow Jones Indices (PR Newswire) 2023-09-01: Blackstone and Airbnb Set to Join S&P 500; Others to Join S&P 100, S&P MidCap 400 and S&P SmallCap 600""}"
CNR,2023-09-14,65.0,1.7,88.84381338742394,1.6055792959570656,0.030800151514187045,2.2,STRONG_POSITIVE,VCP_PIVOT_BREAKOUT,OPEN,1.0,15814.255907881641,819756.8332110596,False,False,False,426.0,ORDER_SUBMITTED,15717.840530395508,"{""score"": ""STRONG_POSITIVE"", ""date"": ""2023-08-09"", ""items"": NaN, ""source"": ""CONSOL Energy, then ticker CEIX, predecessor of Core Natural Resources (SEC 8-K Ex.99.1) 2023-08-08: CONSOL Energy Announces Results for the Second Quarter 2023""}"
WFRD,2023-09-15,64.5,2.0,99.29006085192698,12.228501920206522,0.02962834264703557,2.5,STRONG_POSITIVE,VCP_PIVOT_BREAKOUT,OPEN,,,,,,,,ALREADY_HELD,,"{""score"": ""STRONG_POSITIVE"", ""date"": ""2023-09-02"", ""items"": NaN, ""source"": ""S&P Dow Jones Indices (PR Newswire) 2023-09-01: Blackstone and Airbnb Set to Join S&P 500; Others to Join S&P 100, S&P MidCap 400 and S&P SmallCap 600""}"
ROAD,2023-09-15,30.520000457763672,2.0,72.21095334685599,2.1179307833423797,0.03109595705086722,2.5,STRONG_POSITIVE,VCP_PIVOT_BREAKOUT,OPEN,,,,,,,,QUEUED_INSUFFICIENT_SLOTS,,"{""score"": ""STRONG_POSITIVE"", ""date"": ""2023-08-03"", ""items"": NaN, ""source"": ""SEC (Form 8-K Ex. 99.1) 2023-08-02: Construction Partners, Inc. Announces Fiscal 2023 Third Quarter Results""}"
AROC,2023-09-15,10.210000038146973,1.7,92.59634888438134,2.465261748684332,0.023298347461352537,2.2,STRONG_POSITIVE,VCP_PIVOT_BREAKOUT,OPEN,,,,,,,,ALREADY_HELD,,"{""score"": ""STRONG_POSITIVE"", ""date"": ""2023-08-01"", ""items"": NaN, ""source"": ""Archrock (SEC 8-K Ex.99.1) 2023-07-31: Archrock Reports Second Quarter 2023 Results""}"
CNR,2023-09-15,65.0,1.7,87.0182555780933,5.670828603859251,0.03137626784084124,2.2,STRONG_POSITIVE,VCP_PIVOT_BREAKOUT,OPEN,,,,,,,,ALREADY_HELD,,"{""score"": ""STRONG_POSITIVE"", ""date"": ""2023-08-09"", ""items"": NaN, ""source"": ""CONSOL Energy, then ticker CEIX, predecessor of Core Natural Resources (SEC 8-K Ex.99.1) 2023-08-08: CONSOL Energy Announces Results for the Second Quarter 2023""}"
AROC,2023-09-18,10.210000038146973,1.7,93.8133874239351,1.6803957997504622,0.023217158518745007,2.2,STRONG_POSITIVE,VCP_PIVOT_BREAKOUT,OPEN,,,,,,,,ALREADY_HELD,,"{""score"": ""STRONG_POSITIVE"", ""date"": ""2023-08-01"", ""items"": NaN, ""source"": ""Archrock (SEC 8-K Ex.99.1) 2023-07-31: Archrock Reports Second Quarter 2023 Results""}"
BRC,2023-09-26,51.65999984741211,2.0,72.54305977710233,1.7317325963033339,0.016980731668004796,2.5,STRONG_POSITIVE,VCP_PIVOT_BREAKOUT,OPEN,,,,,,,,QUEUED_INSUFFICIENT_SLOTS,,"{""score"": ""STRONG_POSITIVE"", ""date"": ""2023-09-06"", ""items"": NaN, ""source"": ""Brady Corporation (GlobeNewswire) 2023-09-05: Brady Corporation Reports Record EPS in its Fiscal 2023 Fourth Quarter, Expands its Share Buyback Program and Announces its Fiscal 2024 EPS Guidance""}"
AROC,2023-09-28,10.210000038146973,1.7,96.65653495440729,2.47135293942829,0.028658605026860372,2.2,STRONG_POSITIVE,VCP_PIVOT_BREAKOUT,OPEN,,,,,,,,ALREADY_HELD,,"{""score"": ""STRONG_POSITIVE"", ""date"": ""2023-08-01"", ""items"": NaN, ""source"": ""Archrock (SEC 8-K Ex.99.1) 2023-07-31: Archrock Reports Second Quarter 2023 Results""}"
ROAD,2023-09-29,30.520000457763672,2.0,78.52077001013171,2.051497717024074,0.03345380712869289,2.5,STRONG_POSITIVE,VCP_PIVOT_BREAKOUT,OPEN,,,,,,,,QUEUED_INSUFFICIENT_SLOTS,,"{""score"": ""STRONG_POSITIVE"", ""date"": ""2023-08-03"", ""items"": NaN, ""source"": ""SEC (Form 8-K Ex. 99.1) 2023-08-02: Construction Partners, Inc. Announces Fiscal 2023 Third Quarter Results""}"
BRC,2023-09-29,51.65999984741211,2.0,73.45491388044579,1.742418271643859,0.0159582681789819,2.5,STRONG_POSITIVE,VCP_PIVOT_BREAKOUT,OPEN,,,,,,,,QUEUED_INSUFFICIENT_SLOTS,,"{""score"": ""STRONG_POSITIVE"", ""date"": ""2023-09-06"", ""items"": NaN, ""source"": ""Brady Corporation (GlobeNewswire) 2023-09-05: Brady Corporation Reports Record EPS in its Fiscal 2023 Fourth Quarter, Expands its Share Buyback Program and Announces its Fiscal 2024 EPS Guidance""}"
ROAD,2023-10-02,30.520000457763672,2.0,79.0273556231003,1.6881238757010335,0.033950205776691667,2.5,STRONG_POSITIVE,VCP_PIVOT_BREAKOUT,OPEN,,,,,,,,QUEUED_INSUFFICIENT_SLOTS,,"{""score"": ""STRONG_POSITIVE"", ""date"": ""2023-08-03"", ""items"": NaN, ""source"": ""SEC (Form 8-K Ex. 99.1) 2023-08-02: Construction Partners, Inc. Announces Fiscal 2023 Third Quarter Results""}"
LRN,2023-10-26,43.310001373291016,1.7,70.11144883485308,2.793895076115417,0.03060265756074397,2.2,STRONG_POSITIVE,VCP_PIVOT_BREAKOUT,OPEN,1.0,15410.770964975329,565543.6203053284,False,False,False,456.0,ORDER_SUBMITTED,15386.360485076904,"{""score"": ""STRONG_POSITIVE"", ""date"": ""2023-10-25"", ""items"": NaN, ""source"": ""Business Wire 2023-10-24: Stride Achieves Record Q1 Revenue""}"
LRN,2023-10-27,43.310001373291016,1.7,95.74468085106383,2.1003459543800638,0.030807179771357003,2.2,STRONG_POSITIVE,VCP_PIVOT_BREAKOUT,OPEN,,,,,,,,ALREADY_HELD,,"{""score"": ""STRONG_POSITIVE"", ""date"": ""2023-10-25"", ""items"": NaN, ""source"": ""Business Wire 2023-10-24: Stride Achieves Record Q1 Revenue""}"
LRN,2023-10-30,43.310001373291016,1.7,96.25506072874494,1.8354776681726515,0.031473051894353565,2.2,STRONG_POSITIVE,VCP_PIVOT_BREAKOUT,OPEN,,,,,,,,ALREADY_HELD,,"{""score"": ""STRONG_POSITIVE"", ""date"": ""2023-10-25"", ""items"": NaN, ""source"": ""Business Wire 2023-10-24: Stride Achieves Record Q1 Revenue""}"
YELP,2023-11-03,44.189998626708984,2.0,70.95141700404858,2.0335470500615247,0.03190573181326826,2.5,STRONG_POSITIVE,VCP_PIVOT_BREAKOUT,OPEN,,,,,,,,ALREADY_HELD,,"{""score"": ""STRONG_POSITIVE"", ""date"": ""2023-11-03"", ""items"": NaN, ""source"": ""Business Wire (SEC 8-K Exhibit 99.1) 2023-11-02: Yelp Reports Third Quarter 2023 Financial Results""}"
QLYS,2023-11-03,134.27999877929688,1.5,75.0,3.1029589499064993,0.029609250621635372,2.0,STRONG_POSITIVE,VCP_PIVOT_BREAKOUT,OPEN,0.4,6402.016897968895,1038931.6173260498,False,False,True,462.0,ORDER_SUBMITTED,6290.0,"{""score"": ""STRONG_POSITIVE"", ""date"": ""2023-11-03"", ""items"": NaN, ""source"": ""SEC (Form 8-K Ex. 99.1) 2023-11-02: Qualys Announces Third Quarter 2023 Financial Results""}"
YELP,2023-11-21,44.41999816894531,2.0,92.10526315789474,1.9641373247900227,0.028658570610602143,2.5,STRONG_POSITIVE,VCP_PIVOT_BREAKOUT,OPEN,,,,,,,,ALREADY_HELD,,"{""score"": ""STRONG_POSITIVE"", ""date"": ""2023-11-03"", ""items"": NaN, ""source"": ""Business Wire (SEC 8-K Exhibit 99.1) 2023-11-02: Yelp Reports Third Quarter 2023 Financial Results""}"
CRVL,2023-12-15,69.04000091552734,2.0,89.4949494949495,4.727149544222715,0.028609320840416265,2.5,STRONG_POSITIVE,VCP_PIVOT_BREAKOUT,OPEN,0.5,8140.197414498641,136655.6206965637,False,False,True,491.0,ORDER_SUBMITTED,8099.519714355469,"{""score"": ""STRONG_POSITIVE"", ""date"": ""2023-11-01"", ""items"": NaN, ""source"": ""CorVel (company press release) 2023-10-31: CorVel Announces Second Quarter Revenues and Earnings""}"
YELP,2023-12-15,44.41999816894531,2.0,89.19191919191918,3.153597937795496,0.02521289996192968,2.5,STRONG_POSITIVE,VCP_PIVOT_BREAKOUT,OPEN,,,,,,,,ALREADY_HELD,,"{""score"": ""STRONG_POSITIVE"", ""date"": ""2023-11-03"", ""items"": NaN, ""source"": ""Business Wire (SEC 8-K Exhibit 99.1) 2023-11-02: Yelp Reports Third Quarter 2023 Financial Results""}"
VRRM,2023-12-15,20.56999969482422,2.0,88.98989898989899,1.9308428378843463,0.017377113349394582,2.5,STRONG_POSITIVE,VCP_PIVOT_BREAKOUT,OPEN,0.5,8140.197414498641,539821.2640316773,False,False,True,491.0,ORDER_SUBMITTED,8124.479888916016,"{""score"": ""STRONG_POSITIVE"", ""date"": ""2023-11-10"", ""items"": NaN, ""source"": ""SEC (8-K Exhibit 99.1) / PR Newswire 2023-11-09: Verra Mobility Announces Third Quarter 2023 Financial Results""}"
YELP,2023-12-18,44.41999816894531,2.0,91.31313131313131,1.6859341986115304,0.026028535512566085,2.5,STRONG_POSITIVE,VCP_PIVOT_BREAKOUT,OPEN,,,,,,,,ALREADY_HELD,,"{""score"": ""STRONG_POSITIVE"", ""date"": ""2023-11-03"", ""items"": NaN, ""source"": ""Business Wire (SEC 8-K Exhibit 99.1) 2023-11-02: Yelp Reports Third Quarter 2023 Financial Results""}"
YELP,2023-12-20,45.7400016784668,2.0,91.61616161616162,1.8434317038895276,0.025660274087152192,2.5,STRONG_POSITIVE,VCP_PIVOT_BREAKOUT,OPEN,,,,,,,,ALREADY_HELD,,"{""score"": ""STRONG_POSITIVE"", ""date"": ""2023-11-03"", ""items"": NaN, ""source"": ""Business Wire (SEC 8-K Exhibit 99.1) 2023-11-02: Yelp Reports Third Quarter 2023 Financial Results""}"
ADMA,2024-01-08,4.0,2.0,72.02020202020202,2.8964871373418446,0.03719928934126469,2.5,STRONG_POSITIVE,VCP_PIVOT_BREAKOUT,OPEN,0.5,8108.001979647529,158241.407309494,False,False,True,505.0,ORDER_SUBMITTED,8104.849903583527,"{""score"": ""STRONG_POSITIVE"", ""date"": ""2024-01-08"", ""items"": ""2.02,9.01"", ""source"": ""SEC 8-K 0001140361-24-001194 items 2.02,9.01 filed 2024-01-08""}"
GOOGL,2024-01-31,137.25,2.0,86.86868686868688,2.523143375596014,0.024191924471004555,2.5,STRONG_POSITIVE,VCP_PIVOT_BREAKOUT,OPEN,0.5,8336.61738662464,79127270.48310852,False,False,True,521.0,ORDER_SUBMITTED,8265.900360107422,"{""score"": ""STRONG_POSITIVE"", ""date"": ""2024-01-31"", ""items"": NaN, ""source"": ""Alphabet (SEC 8-K Ex.99.1) 2024-01-30: Alphabet Announces Fourth Quarter and Fiscal Year 2023 Results""}"
GOOGL,2024-02-02,137.25,2.0,87.37373737373737,2.1361276385788353,0.02536975302888468,2.5,STRONG_POSITIVE,VCP_PIVOT_BREAKOUT,OPEN,,,,,,,,ALREADY_HELD,,"{""score"": ""STRONG_POSITIVE"", ""date"": ""2024-01-31"", ""items"": NaN, ""source"": ""Alphabet (SEC 8-K Ex.99.1) 2024-01-30: Alphabet Announces Fourth Quarter and Fiscal Year 2023 Results""}"
MSA,2024-02-14,176.0500030517578,2.0,76.79112008072654,1.7991925574863963,0.016626739608034537,2.0,NEUTRAL,VCP_PIVOT_BREAKOUT,OPEN,0.5,8396.355655158126,497850.95223632816,False,False,True,531.0,ORDER_SUBMITTED,8294.559799194336,"{""score"": ""NEUTRAL"", ""date"": ""2024-02-10"", ""items"": ""5.02"", ""source"": ""SEC 8-K 0000066570-24-000002 items 5.02 filed 2024-02-09""}"
APP,2024-02-15,42.47999954223633,1.7,99.49545913218971,4.817141575050482,0.0521819332434872,2.2,STRONG_POSITIVE,VCP_PIVOT_BREAKOUT,OPEN,0.5,8486.198623338003,2930338.6037748717,False,False,True,532.0,ORDER_SUBMITTED,8482.5,"{""score"": ""STRONG_POSITIVE"", ""date"": ""2024-02-15"", ""items"": NaN, ""source"": ""AppLovin (SEC 8-K Ex.99) 2024-02-14: AppLovin Announces Fourth Quarter and Full Year 2023 Financial Results""}"
APP,2024-02-16,42.47999954223633,1.7,99.59636730575177,1.808459395917966,0.05228830093249684,2.2,STRONG_POSITIVE,VCP_PIVOT_BREAKOUT,OPEN,,,,,,,,ALREADY_HELD,,"{""score"": ""STRONG_POSITIVE"", ""date"": ""2024-02-15"", ""items"": NaN, ""source"": ""AppLovin (SEC 8-K Ex.99) 2024-02-14: AppLovin Announces Fourth Quarter and Full Year 2023 Financial Results""}"
OTTR,2024-02-16,88.45999908447266,2.0,87.48738647830474,1.6538994563148197,0.03966318251316968,2.0,NEUTRAL,VCP_PIVOT_BREAKOUT,OPEN,0.5,8336.320877748893,454461.42416137696,False,False,True,533.0,ORDER_SUBMITTED,8295.639831542969,"{""score"": ""NEUTRAL"", ""date"": ""2024-02-13"", ""items"": NaN, ""source"": ""SEC (Form 8-K Ex. 99.1) / Business Wire 2024-02-12: Otter Tail Corporation Announces Record Annual Earnings, Increases Quarterly Dividend, and Announces 2024 Earnings Guidance""}"
APP,2024-02-20,42.47999954223633,1.7,99.59636730575177,1.7778092411826028,0.05405671857985549,2.2,STRONG_POSITIVE,VCP_PIVOT_BREAKOUT,OPEN,,,,,,,,ALREADY_HELD,,"{""score"": ""STRONG_POSITIVE"", ""date"": ""2024-02-15"", ""items"": NaN, ""source"": ""AppLovin (SEC 8-K Ex.99) 2024-02-14: AppLovin Announces Fourth Quarter and Full Year 2023 Financial Results""}"
AWI,2024-02-20,77.79000091552734,1.5,87.28557013118062,2.285253591322193,0.025202215847571048,1.5,NEUTRAL,VCP_PIVOT_BREAKOUT,OPEN,,,,,,,,QUEUED_INSUFFICIENT_SLOTS,,"{""score"": ""NEUTRAL"", ""date"": ""2024-02-20"", ""items"": ""2.02,7.01,9.01"", ""source"": ""SEC 8-K 0000950170-24-016783 items 2.02,7.01,9.01 filed 2024-02-20""}"
GPOR,2024-02-21,132.4600067138672,2.0,98.38546922300706,3.1562912562201686,0.029092923770234386,2.0,NEUTRAL,VCP_PIVOT_BREAKOUT,OPEN,0.5,8422.945356417296,512476.16068969725,False,False,True,535.0,ORDER_SUBMITTED,8420.480072021484,"{""score"": ""NEUTRAL"", ""date"": ""2023-12-15"", ""items"": ""8.01,9.01"", ""source"": ""SEC 8-K 0001213900-23-095758 items 8.01,9.01 filed 2023-12-14""}"
COLL,2024-02-23,23.8700008392334,1.7,80.72653884964683,2.313834158099447,0.031646689365852916,2.2,STRONG_POSITIVE,VCP_PIVOT_BREAKOUT,OPEN,0.4,6713.96400460164,281230.89715553285,False,False,True,537.0,ORDER_SUBMITTED,6688.399719238281,"{""score"": ""STRONG_POSITIVE"", ""date"": ""2024-02-23"", ""items"": NaN, ""source"": ""Collegium Pharmaceutical (SEC 8-K Ex.99.1) 2024-02-22: Collegium Reports Record Fourth Quarter and Full-Year 2023 Financial Results""}"
AGO,2024-02-29,63.060001373291016,2.0,85.06559031281535,2.567660145734868,0.02387710796682165,2.5,STRONG_POSITIVE,VCP_PIVOT_BREAKOUT,OPEN,,,,,,,,QUEUED_INSUFFICIENT_SLOTS,,"{""score"": ""STRONG_POSITIVE"", ""date"": ""2024-02-28"", ""items"": NaN, ""source"": ""Assured Guaranty (SEC 8-K Ex.99) 2024-02-27: Assured Guaranty Ltd. Reports Results for Fourth Quarter 2023 and Full Year 2023""}"
APP,2024-02-29,42.47999954223633,1.7,99.79818365287588,4.134101429764819,0.05622548744062691,2.2,STRONG_POSITIVE,VCP_PIVOT_BREAKOUT,OPEN,,,,,,,,QUEUED_INSUFFICIENT_SLOTS,,"{""score"": ""STRONG_POSITIVE"", ""date"": ""2024-02-15"", ""items"": NaN, ""source"": ""AppLovin (SEC 8-K Ex.99) 2024-02-14: AppLovin Announces Fourth Quarter and Full Year 2023 Financial Results""}"
TDW,2024-03-01,70.25,2.0,91.12008072653886,3.8450119169220294,0.04152471979464281,2.5,STRONG_POSITIVE,VCP_PIVOT_BREAKOUT,OPEN,,,,,,,,QUEUED_INSUFFICIENT_SLOTS,,"{""score"": ""STRONG_POSITIVE"", ""date"": ""2024-03-01"", ""items"": ""2.02,9.01"", ""source"": ""SEC 8-K 0001437749-24-006107 items 2.02,9.01 filed 2024-02-29""}"
TDW,2024-03-04,70.25,2.0,92.9364278506559,2.505609673096965,0.04366387162357941,2.5,STRONG_POSITIVE,VCP_PIVOT_BREAKOUT,OPEN,0.4,6670.409247862415,1070328.9702252198,False,False,True,543.0,ORDER_SUBMITTED,6641.189826965332,"{""score"": ""STRONG_POSITIVE"", ""date"": ""2024-03-01"", ""items"": ""2.02,9.01"", ""source"": ""SEC 8-K 0001437749-24-006107 items 2.02,9.01 filed 2024-02-29""}"
TDW,2024-03-06,70.25,2.0,90.5146316851665,2.3118178934834943,0.05230171609025489,2.5,STRONG_POSITIVE,VCP_PIVOT_BREAKOUT,OPEN,,,,,,,,ALREADY_HELD,,"{""score"": ""STRONG_POSITIVE"", ""date"": ""2024-03-01"", ""items"": ""2.02,9.01"", ""source"": ""SEC 8-K 0001437749-24-006107 items 2.02,9.01 filed 2024-02-29""}"
FTI,2024-03-14,19.850000381469727,2.0,91.93548387096774,1.6491801759732296,0.030574033482740036,2.5,STRONG_POSITIVE,VCP_PIVOT_BREAKOUT,OPEN,,,,,,,,QUEUED_INSUFFICIENT_SLOTS,,"{""score"": ""STRONG_POSITIVE"", ""date"": ""2024-02-23"", ""items"": NaN, ""source"": ""TechnipFMC (SEC 8-K Ex.99) 2024-02-22: TechnipFMC Announces Fourth Quarter 2023 Results""}"
FTI,2024-03-15,19.850000381469727,2.0,94.45564516129032,1.8382996533066656,0.029502466678557302,2.5,STRONG_POSITIVE,VCP_PIVOT_BREAKOUT,OPEN,,,,,,,,QUEUED_INSUFFICIENT_SLOTS,,"{""score"": ""STRONG_POSITIVE"", ""date"": ""2024-02-23"", ""items"": NaN, ""source"": ""TechnipFMC (SEC 8-K Ex.99) 2024-02-22: TechnipFMC Announces Fourth Quarter 2023 Results""}"
PRI,2024-03-15,214.13999938964844,2.0,82.66129032258065,2.4169805945107474,0.016349757368871155,2.5,STRONG_POSITIVE,VCP_PIVOT_BREAKOUT,OPEN,,,,,,,,QUEUED_INSUFFICIENT_SLOTS,,"{""score"": ""STRONG_POSITIVE"", ""date"": ""2024-02-14"", ""items"": NaN, ""source"": ""Business Wire 2024-02-13: Primerica Reports Fourth Quarter 2023 Results""}"
COLL,2024-03-15,23.8700008392334,1.7,87.5,4.723917341545949,0.03015204293327927,2.2,STRONG_POSITIVE,VCP_PIVOT_BREAKOUT,OPEN,,,,,,,,ALREADY_HELD,,"{""score"": ""STRONG_POSITIVE"", ""date"": ""2024-02-23"", ""items"": NaN, ""source"": ""Collegium Pharmaceutical (SEC 8-K Ex.99.1) 2024-02-22: Collegium Reports Record Fourth Quarter and Full-Year 2023 Financial Results""}"
APP,2024-03-18,42.47999954223633,1.7,99.69758064516128,1.726406786411829,0.03772140576800766,2.2,STRONG_POSITIVE,VCP_PIVOT_BREAKOUT,OPEN,,,,,,,,QUEUED_INSUFFICIENT_SLOTS,,"{""score"": ""STRONG_POSITIVE"", ""date"": ""2024-02-15"", ""items"": NaN, ""source"": ""AppLovin (SEC 8-K Ex.99) 2024-02-14: AppLovin Announces Fourth Quarter and Full Year 2023 Financial Results""}"
FTI,2024-04-25,19.850000381469727,2.0,95.9718026183283,1.6922980618949732,0.02898512022137336,2.5,STRONG_POSITIVE,VCP_PIVOT_BREAKOUT,OPEN,0.5,8770.770992666347,2356661.601782837,False,False,True,580.0,ORDER_SUBMITTED,8748.110050201416,"{""score"": ""STRONG_POSITIVE"", ""date"": ""2024-04-25"", ""items"": ""2.02,9.01"", ""source"": ""SEC 8-K 0001681459-24-000093 items 2.02,9.01 filed 2024-04-25""}"
AX,2024-05-01,51.869998931884766,2.0,75.62940584088619,2.288169671543286,0.03263835833339617,2.5,STRONG_POSITIVE,VCP_PIVOT_BREAKOUT,OPEN,1.0,17487.1293144449,495164.3768612671,False,False,False,584.0,ORDER_SUBMITTED,17482.5,"{""score"": ""STRONG_POSITIVE"", ""date"": ""2024-05-01"", ""items"": NaN, ""source"": ""Axos Financial (Business Wire) 2024-04-30: Axos Financial, Inc. Reports Third Quarter Fiscal 2024 Results""}"
AX,2024-05-02,51.869998931884766,2.0,79.05337361530715,1.6445150825526142,0.032753165414870555,2.5,STRONG_POSITIVE,VCP_PIVOT_BREAKOUT,OPEN,,,,,,,,ALREADY_HELD,,"{""score"": ""STRONG_POSITIVE"", ""date"": ""2024-05-01"", ""items"": NaN, ""source"": ""Axos Financial (Business Wire) 2024-04-30: Axos Financial, Inc. Reports Third Quarter Fiscal 2024 Results""}"
NSSC,2024-05-03,40.380001068115234,2.0,78.75125881168177,1.8263146976454725,0.03600859699726913,2.5,STRONG_POSITIVE,VCP_PIVOT_BREAKOUT,OPEN,1.0,17558.951787033777,316023.0919619751,False,False,False,586.0,ORDER_SUBMITTED,17540.11050415039,"{""score"": ""STRONG_POSITIVE"", ""date"": ""2024-02-06"", ""items"": NaN, ""source"": ""Company IR (PR Newswire) 2024-02-05: NAPCO Reports Record Revenues, Net Income and Adjusted EBITDA for Q2 of Fiscal 2024""}"
NSSC,2024-05-06,40.380001068115234,2.0,85.59919436052367,1.9287691920463126,0.03642382723710976,2.0,NEUTRAL,VCP_PIVOT_BREAKOUT,OPEN,,,,,,,,ALREADY_HELD,,"{""score"": ""NEUTRAL"", ""date"": ""2024-03-08"", ""items"": ""1.01,9.01"", ""source"": ""SEC 8-K 0001104659-24-031881 items 1.01,9.01 filed 2024-03-07""}"
AX,2024-05-23,51.869998931884766,2.0,74.11883182275932,2.1279560901352887,0.02580637972409569,2.5,STRONG_POSITIVE,VCP_PIVOT_BREAKOUT,OPEN,,,,,,,,ALREADY_HELD,,"{""score"": ""STRONG_POSITIVE"", ""date"": ""2024-05-01"", ""items"": NaN, ""source"": ""Axos Financial (Business Wire) 2024-04-30: Axos Financial, Inc. Reports Third Quarter Fiscal 2024 Results""}"
HLNE,2024-05-24,115.20999908447266,2.0,92.44712990936556,2.1402574111193164,0.02344793351278487,2.5,STRONG_POSITIVE,VCP_PIVOT_BREAKOUT,OPEN,1.0,18010.32342584153,519927.36342224124,False,False,False,601.0,ORDER_SUBMITTED,17899.94956970215,"{""score"": ""STRONG_POSITIVE"", ""date"": ""2024-05-24"", ""items"": NaN, ""source"": ""Hamilton Lane (SEC 8-K Ex.99.1) 2024-05-23: Hamilton Lane Incorporated Reports Strong Fourth Fiscal Quarter and Fiscal Year 2024 Results, with Management and Advisory Fees Growing by 22% and Assets Under Management Growing by 11% Year-over-Year""}"
HLNE,2024-05-28,115.20999908447266,2.0,94.15911379657604,1.9203463505143863,0.025161546141236692,2.5,STRONG_POSITIVE,VCP_PIVOT_BREAKOUT,OPEN,,,,,,,,ALREADY_HELD,,"{""score"": ""STRONG_POSITIVE"", ""date"": ""2024-05-24"", ""items"": NaN, ""source"": ""Hamilton Lane (SEC 8-K Ex.99.1) 2024-05-23: Hamilton Lane Incorporated Reports Strong Fourth Fiscal Quarter and Fiscal Year 2024 Results, with Management and Advisory Fees Growing by 22% and Assets Under Management Growing by 11% Year-over-Year""}"
NTNX,2024-05-29,65.66999816894531,2.0,98.28973843058351,1.8568929545968702,0.029389140294708505,2.0,,VCP_PIVOT_BREAKOUT,OPEN,1.0,17708.59356182468,2785881.3933091736,False,False,False,603.0,ORDER_SUBMITTED,17662.89022064209,null
HLNE,2024-05-31,115.20999908447266,2.0,91.04627766599597,2.195097820978952,0.03071730927110459,2.5,STRONG_POSITIVE,VCP_PIVOT_BREAKOUT,OPEN,,,,,,,,ALREADY_HELD,,"{""score"": ""STRONG_POSITIVE"", ""date"": ""2024-05-24"", ""items"": NaN, ""source"": ""Hamilton Lane (SEC 8-K Ex.99.1) 2024-05-23: Hamilton Lane Incorporated Reports Strong Fourth Fiscal Quarter and Fiscal Year 2024 Results, with Management and Advisory Fees Growing by 22% and Assets Under Management Growing by 11% Year-over-Year""}"
GAP,2024-06-03,23.079999923706055,1.7,99.49698189134809,2.521103303891737,0.04360021380400575,2.2,STRONG_POSITIVE,VCP_PIVOT_BREAKOUT,OPEN,1.0,17276.74232338643,4120638.448957138,False,False,False,606.0,ORDER_SUBMITTED,17272.850408554077,"{""score"": ""STRONG_POSITIVE"", ""date"": ""2024-05-31"", ""items"": NaN, ""source"": ""Gap Inc. (SEC 8-K Ex.99.1) 2024-05-30: Gap Inc. Reports First Quarter Fiscal 2024 Results, Raises Full Year Guidance""}"
GAP,2024-06-05,23.079999923706055,1.7,99.09547738693468,1.6753490192618135,0.05072502960820673,2.2,STRONG_POSITIVE,VCP_PIVOT_BREAKOUT,OPEN,0.4,6726.1687548915725,4211981.604090729,False,False,True,608.0,ORDER_SUBMITTED,6703.200096130371,"{""score"": ""STRONG_POSITIVE"", ""date"": ""2024-05-31"", ""items"": NaN, ""source"": ""Gap Inc. (SEC 8-K Ex.99.1) 2024-05-30: Gap Inc. Reports First Quarter Fiscal 2024 Results, Raises Full Year Guidance""}"
HLNE,2024-06-21,115.20999908447266,2.0,86.57314629258516,1.7217456046838249,0.027908379456900535,2.5,STRONG_POSITIVE,VCP_PIVOT_BREAKOUT,OPEN,0.2,3294.7740091322594,559220.9609564209,False,False,True,619.0,ORDER_SUBMITTED,3290.8399658203125,"{""score"": ""STRONG_POSITIVE"", ""date"": ""2024-05-24"", ""items"": NaN, ""source"": ""Hamilton Lane (SEC 8-K Ex.99.1) 2024-05-23: Hamilton Lane Incorporated Reports Strong Fourth Fiscal Quarter and Fiscal Year 2024 Results, with Management and Advisory Fees Growing by 22% and Assets Under Management Growing by 11% Year-over-Year""}"
SRPT,2024-06-24,138.0,1.7,72.54509018036072,2.3814091878392913,0.05207724601530698,2.2,STRONG_POSITIVE,VCP_PIVOT_BREAKOUT,OPEN,0.2,3296.330820459086,5071978.392225647,False,False,True,620.0,ORDER_SUBMITTED,3277.0001220703125,"{""score"": ""STRONG_POSITIVE"", ""date"": ""2024-06-21"", ""items"": NaN, ""source"": ""Business Wire 2024-06-20: Sarepta Therapeutics Announces Expanded US FDA Approval of ELEVIDYS to Duchenne Muscular Dystrophy Patients Ages 4 and Above""}"
HLNE,2024-06-28,115.20999908447266,2.0,88.988988988989,5.456103102767535,0.024888449673998742,2.5,STRONG_POSITIVE,VCP_PIVOT_BREAKOUT,OPEN,,,,,,,,ALREADY_HELD,,"{""score"": ""STRONG_POSITIVE"", ""date"": ""2024-05-24"", ""items"": NaN, ""source"": ""Hamilton Lane (SEC 8-K Ex.99.1) 2024-05-23: Hamilton Lane Incorporated Reports Strong Fourth Fiscal Quarter and Fiscal Year 2024 Results, with Management and Advisory Fees Growing by 22% and Assets Under Management Growing by 11% Year-over-Year""}"
SBRA,2024-06-28,14.65999984741211,2.0,71.97197197197197,2.4846902096246746,0.01669759473246206,2.5,STRONG_POSITIVE,VCP_PIVOT_BREAKOUT,OPEN,0.2,3314.5641288054344,525048.8548389435,False,False,True,624.0,ORDER_SUBMITTED,3310.999917984009,"{""score"": ""STRONG_POSITIVE"", ""date"": ""2024-05-09"", ""items"": NaN, ""source"": ""Business Wire 2024-05-08: Sabra Reports First Quarter 2024 Results; Reiterates 2024 Guidance""}"
