ticker,action,date_or_period,category,confidence,source_url,in_index_universe,in_wider_universe,price_data,check_day,trend_template,rs_pct,fundamentals,breakout_signal,regime_open,passes_all,our_candidate_within_30d,our_trade_within_30d
ANF,BUY,2021-01-04,own_trade,high,https://monty-trader.com/en/2022/01/22/usic-2021%E5%B9%B4%E5%84%AA%E5%8B%9D%E8%80%85%E3%83%9E%E3%83%BC%E3%82%AF%E3%83%BB%E3%83%9F%E3%83%8D%E3%83%AB%E3%83%B4%E3%82%A3%E3%83%8B%E6%B0%8F%E3%81%AE%E3%82%A8%E3%83%B3%E3%83%88%E3%83%AA%E3%83%BC,True,True,True,2020-12-17,True,69.4,FAIL,False,True,False,,
GM,BUY,2021-01-11,own_trade,high,https://monty-trader.com/en/2022/01/22/usic-2021%E5%B9%B4%E5%84%AA%E5%8B%9D%E8%80%85%E3%83%9E%E3%83%BC%E3%82%AF%E3%83%BB%E3%83%9F%E3%83%8D%E3%83%AB%E3%83%B4%E3%82%A3%E3%83%8B%E6%B0%8F%E3%81%AE%E3%82%A8%E3%83%B3%E3%83%88%E3%83%AA%E3%83%BC,False,False,False,,,,,,,,,
STAA,BUY,2021-01-12,own_trade,high,https://monty-trader.com/en/2022/01/22/usic-2021%E5%B9%B4%E5%84%AA%E5%8B%9D%E8%80%85%E3%83%9E%E3%83%BC%E3%82%AF%E3%83%BB%E3%83%9F%E3%83%8D%E3%83%AB%E3%83%B4%E3%82%A3%E3%83%8B%E6%B0%8F%E3%81%AE%E3%82%A8%E3%83%B3%E3%83%88%E3%83%AA%E3%83%BC,True,True,True,2020-12-28,True,94.8,FAIL,False,True,False,exp3a_B2_2017_21:2021-01-26; exp3a_B3_2017_21:2021-01-26,exp3a_B2_2017_21:2021-01-27:-10%; exp3a_B3_2017_21:2021-01-27:-10%
NNOX,BUY,2021-01-20,own_trade,high,https://monty-trader.com/en/2022/01/22/usic-2021%E5%B9%B4%E5%84%AA%E5%8B%9D%E8%80%85%E3%83%9E%E3%83%BC%E3%82%AF%E3%83%BB%E3%83%9F%E3%83%8D%E3%83%AB%E3%83%B4%E3%82%A3%E3%83%8B%E6%B0%8F%E3%81%AE%E3%82%A8%E3%83%B3%E3%83%88%E3%83%AA%E3%83%BC,False,False,False,,,,,,,,,
MP,BUY,2021-02-09,own_trade,high,https://monty-trader.com/en/2022/01/22/usic-2021%E5%B9%B4%E5%84%AA%E5%8B%9D%E8%80%85%E3%83%9E%E3%83%BC%E3%82%AF%E3%83%BB%E3%83%9F%E3%83%8D%E3%83%AB%E3%83%B4%E3%82%A3%E3%83%8B%E6%B0%8F%E3%81%AE%E3%82%A8%E3%83%B3%E3%83%88%E3%83%AA%E3%83%BC,True,True,True,2021-02-16,False,,SKIP,True,True,False,,
UAVS,BUY,2021-02-09,own_trade,high,https://monty-trader.com/en/2022/01/22/usic-2021%E5%B9%B4%E5%84%AA%E5%8B%9D%E8%80%85%E3%83%9E%E3%83%BC%E3%82%AF%E3%83%BB%E3%83%9F%E3%83%8D%E3%83%AB%E3%83%B4%E3%82%A3%E3%83%8B%E6%B0%8F%E3%81%AE%E3%82%A8%E3%83%B3%E3%83%88%E3%83%AA%E3%83%BC,False,False,False,,,,,,,,,
DLTH,DISCUSSED,2021-04,discussed,low,https://seekingalpha.com/article/4421495-stock-trader-mark-minervini-and-market-strategist-ben-laidler-join-alpha-trader,False,False,False,,,,,,,,,
PYPL,DISCUSSED,2021-04,discussed,low,https://seekingalpha.com/article/4421495-stock-trader-mark-minervini-and-market-strategist-ben-laidler-join-alpha-trader,False,False,False,,,,,,,,,
YETI,DISCUSSED,2021-04,discussed,low,https://seekingalpha.com/article/4421495-stock-trader-mark-minervini-and-market-strategist-ben-laidler-join-alpha-trader,True,True,True,2021-03-31,True,92.5,PASS,False,True,False,,
GBOX,BUY,2021-04-05,own_trade,high,https://monty-trader.com/en/2022/01/22/usic-2021%E5%B9%B4%E5%84%AA%E5%8B%9D%E8%80%85%E3%83%9E%E3%83%BC%E3%82%AF%E3%83%BB%E3%83%9F%E3%83%8D%E3%83%AB%E3%83%B4%E3%82%A3%E3%83%8B%E6%B0%8F%E3%81%AE%E3%82%A8%E3%83%B3%E3%83%88%E3%83%AA%E3%83%BC,False,False,False,,,,,,,,,
YETI,BUY,2021-04-06,own_trade,high,https://monty-trader.com/en/2022/01/22/usic-2021%E5%B9%B4%E5%84%AA%E5%8B%9D%E8%80%85%E3%83%9E%E3%83%BC%E3%82%AF%E3%83%BB%E3%83%9F%E3%83%8D%E3%83%AB%E3%83%B4%E3%82%A3%E3%83%8B%E6%B0%8F%E3%81%AE%E3%82%A8%E3%83%B3%E3%83%88%E3%83%AA%E3%83%BC,True,True,True,2021-03-22,True,93.1,PASS,False,True,False,,
ZIM,BUY,2021-04-08,own_trade,high,https://monty-trader.com/en/2022/01/22/usic-2021%E5%B9%B4%E5%84%AA%E5%8B%9D%E8%80%85%E3%83%9E%E3%83%BC%E3%82%AF%E3%83%BB%E3%83%9F%E3%83%8D%E3%83%AB%E3%83%B4%E3%82%A3%E3%83%8B%E6%B0%8F%E3%81%AE%E3%82%A8%E3%83%B3%E3%83%88%E3%83%AA%E3%83%BC,False,False,False,,,,,,,,,
REVG,DISCUSSED,2021-04-15,discussed,high,https://x.com/markminervini/status/1382710309635362816,False,False,False,,,,,,,,,
UPST,DISCUSSED,2021-05-03,discussed,high,https://x.com/markminervini/status/1389270162407362560,False,False,False,,,,,,,,,
BNTX,BUY,2021-06-02,own_trade,high,https://monty-trader.com/en/2022/01/22/usic-2021%E5%B9%B4%E5%84%AA%E5%8B%9D%E8%80%85%E3%83%9E%E3%83%BC%E3%82%AF%E3%83%BB%E3%83%9F%E3%83%8D%E3%83%AB%E3%83%B4%E3%82%A3%E3%83%8B%E6%B0%8F%E3%81%AE%E3%82%A8%E3%83%B3%E3%83%88%E3%83%AA%E3%83%BC,False,False,False,,,,,,,,,
HSKA,BUY,2021-06-04,own_trade,high,https://monty-trader.com/en/2022/01/22/usic-2021%E5%B9%B4%E5%84%AA%E5%8B%9D%E8%80%85%E3%83%9E%E3%83%BC%E3%82%AF%E3%83%BB%E3%83%9F%E3%83%8D%E3%83%AB%E3%83%B4%E3%82%A3%E3%83%8B%E6%B0%8F%E3%81%AE%E3%82%A8%E3%83%B3%E3%83%88%E3%83%AA%E3%83%BC,False,False,False,,,,,,,,,
TSP,BUY,2021-06-08,own_trade,high,https://monty-trader.com/en/2022/01/22/usic-2021%E5%B9%B4%E5%84%AA%E5%8B%9D%E8%80%85%E3%83%9E%E3%83%BC%E3%82%AF%E3%83%BB%E3%83%9F%E3%83%8D%E3%83%AB%E3%83%B4%E3%82%A3%E3%83%8B%E6%B0%8F%E3%81%AE%E3%82%A8%E3%83%B3%E3%83%88%E3%83%AA%E3%83%BC,False,False,False,,,,,,,,,
PYPL,BUY,2021-06-09,own_trade,low,https://caseystubbs.substack.com/p/how-mark-minervini-won-the-us-investing,False,False,False,,,,,,,,,
AAPL,BUY,2021-06-17,own_trade,high,https://monty-trader.com/en/2022/01/22/usic-2021%E5%B9%B4%E5%84%AA%E5%8B%9D%E8%80%85%E3%83%9E%E3%83%BC%E3%82%AF%E3%83%BB%E3%83%9F%E3%83%8D%E3%83%AB%E3%83%B4%E3%82%A3%E3%83%8B%E6%B0%8F%E3%81%AE%E3%82%A8%E3%83%B3%E3%83%88%E3%83%AA%E3%83%BC,False,True,True,,,,,,,,,
MRNA,BUY,2021-06-25,own_trade,high,https://monty-trader.com/en/2022/01/22/usic-2021%E5%B9%B4%E5%84%AA%E5%8B%9D%E8%80%85%E3%83%9E%E3%83%BC%E3%82%AF%E3%83%BB%E3%83%9F%E3%83%8D%E3%83%AB%E3%83%B4%E3%82%A3%E3%83%8B%E6%B0%8F%E3%81%AE%E3%82%A8%E3%83%B3%E3%83%88%E3%83%AA%E3%83%BC,False,False,False,,,,,,,,,
SKY,BUY,2021-07-30,own_trade,high,https://monty-trader.com/en/2022/01/22/usic-2021%E5%B9%B4%E5%84%AA%E5%8B%9D%E8%80%85%E3%83%9E%E3%83%BC%E3%82%AF%E3%83%BB%E3%83%9F%E3%83%8D%E3%83%AB%E3%83%B4%E3%82%A3%E3%83%8B%E6%B0%8F%E3%81%AE%E3%82%A8%E3%83%B3%E3%83%88%E3%83%AA%E3%83%BC,True,True,True,2021-07-16,True,81.4,PASS,False,True,False,,
SE,BUY,2021-08,own_trade,low,https://www.benzinga.com/news/21/08/22486960/hearing-sea-named-new-swing-ling-idea-from-trader-mark-minervini-unconfirmed,False,False,False,,,,,,,,,
SNAP,BUY,2021-08,own_trade,low,https://www.benzinga.com/news/21/08/22746288/why-snap-shares-are-rising,False,False,False,,,,,,,,,
SQ,BUY,2021-08,own_trade,medium,https://www.benzinga.com/news/21/08/22350943/square-shares-spike-to-session-high-now-up-2-hearing-tradernewsletter-provider-mark-minervini-issues,False,False,False,,,,,,,,,
SQ,DISCUSSED,2021-08-05,discussed,high,https://x.com/markminervini/status/1423324225495085060,False,False,False,,,,,,,,,
NUE,BUY,2021-08-09,own_trade,high,https://monty-trader.com/en/2022/01/22/usic-2021%E5%B9%B4%E5%84%AA%E5%8B%9D%E8%80%85%E3%83%9E%E3%83%BC%E3%82%AF%E3%83%BB%E3%83%9F%E3%83%8D%E3%83%AB%E3%83%B4%E3%82%A3%E3%83%8B%E6%B0%8F%E3%81%AE%E3%82%A8%E3%83%B3%E3%83%88%E3%83%AA%E3%83%BC,False,False,False,,,,,,,,,
PAG,BUY,2021-09-01,own_trade,high,https://monty-trader.com/en/2022/01/22/usic-2021%E5%B9%B4%E5%84%AA%E5%8B%9D%E8%80%85%E3%83%9E%E3%83%BC%E3%82%AF%E3%83%BB%E3%83%9F%E3%83%8D%E3%83%AB%E3%83%B4%E3%82%A3%E3%83%8B%E6%B0%8F%E3%81%AE%E3%82%A8%E3%83%B3%E3%83%88%E3%83%AA%E3%83%BC,True,True,True,2021-08-18,True,79.0,PASS,False,True,False,exp2_valB_2017_21:2021-09-15,exp2_valB_2017_21:2021-09-16:+12%; exp2_valB_2017_21:2021-09-28:-6%
TSLA,BUY,2021-09-24,own_trade,high,https://monty-trader.com/en/2022/01/22/usic-2021%E5%B9%B4%E5%84%AA%E5%8B%9D%E8%80%85%E3%83%9E%E3%83%BC%E3%82%AF%E3%83%BB%E3%83%9F%E3%83%8D%E3%83%AB%E3%83%B4%E3%82%A3%E3%83%8B%E6%B0%8F%E3%81%AE%E3%82%A8%E3%83%B3%E3%83%88%E3%83%AA%E3%83%BC,False,False,False,,,,,,,,,
AIG,BUY,2021-10,own_trade,medium,https://www.benzinga.com/news/21/10/23318272/aig-shares-up-1-2-at-new-session-high-hearing-swing-trader-mark-minervini-has-initiated-new-position,False,False,False,,,,,,,,,
RVLV,BUY,2021-10,own_trade,medium,https://www.benzinga.com/news/21/10/23746114/revolve-group-shares-rebound-from-low-on-volume-as-hearing-swing-trader-mark-minervini-calls-stock-a,False,False,False,,,,,,,,,
OLN,BUY,2021-10-11,own_trade,high,https://monty-trader.com/en/2022/01/22/usic-2021%E5%B9%B4%E5%84%AA%E5%8B%9D%E8%80%85%E3%83%9E%E3%83%BC%E3%82%AF%E3%83%BB%E3%83%9F%E3%83%8D%E3%83%AB%E3%83%B4%E3%82%A3%E3%83%8B%E6%B0%8F%E3%81%AE%E3%82%A8%E3%83%B3%E3%83%88%E3%83%AA%E3%83%BC,True,True,True,2021-09-27,True,98.3,FAIL,False,True,False,exp3a_B2_2017_21:2021-10-22; exp3a_B3_2017_21:2021-10-22,
UPST,BUY,2021-10-12,own_trade,high,https://monty-trader.com/en/2022/01/22/usic-2021%E5%B9%B4%E5%84%AA%E5%8B%9D%E8%80%85%E3%83%9E%E3%83%BC%E3%82%AF%E3%83%BB%E3%83%9F%E3%83%8D%E3%83%AB%E3%83%B4%E3%82%A3%E3%83%8B%E6%B0%8F%E3%81%AE%E3%82%A8%E3%83%B3%E3%83%88%E3%83%AA%E3%83%BC,False,False,False,,,,,,,,,
SCHW,BUY,2021-10-15,own_trade,low,https://caseystubbs.substack.com/p/how-mark-minervini-won-the-us-investing,False,False,False,,,,,,,,,
ASYS,BUY,2021-10-26,own_trade,high,https://monty-trader.com/en/2022/01/22/usic-2021%E5%B9%B4%E5%84%AA%E5%8B%9D%E8%80%85%E3%83%9E%E3%83%BC%E3%82%AF%E3%83%BB%E3%83%9F%E3%83%8D%E3%83%AB%E3%83%B4%E3%82%A3%E3%83%8B%E6%B0%8F%E3%81%AE%E3%82%A8%E3%83%B3%E3%83%88%E3%83%AA%E3%83%BC,False,False,False,,,,,,,,,
AAPL,HOLD,2021-11,own_trade,medium,https://www.benzinga.com/news/21/11/24147429/apple-shares-up-1-hearing-swing-trader-mark-minervini-is-long-apple,False,True,True,,,,,,,,,
NUE,BUY,2021-11,own_trade,medium,https://www.benzinga.com/news/21/11/24193328/nucor-shares-at-session-high-up-1-4-hearing-swing-trader-mark-minervini-calls-stock-a-pick,False,False,False,,,,,,,,,
CARR,BUY,2021-12,own_trade,medium,https://www.benzinga.com/news/21/12/24481736/watching-carrier-global-hearing-trader-mark-minervini-names-stock-as-new-buy,False,False,False,,,,,,,,,
SRTS,BUY,2021-12,own_trade,medium,https://www.benzinga.com/news/21/12/24756830/sensus-healthcare-shares-spike-to-session-high-on-volume-hearing-swing-trader-mark-minervini-bought,False,False,False,,,,,,,,,
YELL,BUY,2021-12,own_trade,medium,https://www.benzinga.com/news/21/12/24509798/yellow-shares-spike-higher-as-hearing-swing-trader-mark-minervini-called-stock-a-pick,False,False,False,,,,,,,,,
UPST,SELL,2021-Q4,own_trade,medium,https://x.com/markminervini/status/1511395010297671687,False,False,False,,,,,,,,,
XLE,BUY,2022-01-03,own_trade,medium,https://financialtechwiz.com/post/mark-minervini-s-trading-strategy-8-key-takeaways,False,False,False,,,,,,,,,
XLE,DISCUSSED,2022-01-07,discussed,high,https://x.com/markminervini/status/1479547509253021701,False,False,False,,,,,,,,,
HAL,DISCUSSED,2022-03-07,discussed,high,https://x.com/markminervini/status/1500857267767365640,False,False,False,,,,,,,,,
OXY,DISCUSSED,2022-03-07,discussed,high,https://x.com/markminervini/status/1500857267767365640,False,False,False,,,,,,,,,
XLE,DISCUSSED,2022-03-07,discussed,high,https://x.com/markminervini/status/1500857267767365640,False,False,False,,,,,,,,,
DHI,SELL,2023-12,own_trade,medium,https://www.moomoo.com/community/feed/mark-minervini-x-updated-111581758750730,False,False,False,,,,,,,,,
DIA,SELL,2023-12,own_trade,medium,https://www.moomoo.com/community/feed/mark-minervini-x-updated-111615594790918,False,False,False,,,,,,,,,
LEN,SELL,2023-12,own_trade,medium,https://www.moomoo.com/community/feed/mark-minervini-x-updated-111581758750730,False,False,False,,,,,,,,,
NVDA,BUY,2024-01,own_trade,medium,https://www.moomoo.com/community/feed/mark-minervini-x-updated-111722936139782,False,True,True,,,,,,,,,
BKNG,HOLD,2024-01-19,own_trade,medium,https://www.moomoo.com/community/feed/mark-minervini-x-updated-111779897147798,False,False,False,,,,,,,,,
CAMT,HOLD,2024-01-19,own_trade,medium,https://www.moomoo.com/community/feed/mark-minervini-x-updated-111779897147798,False,False,False,,,,,,,,,
CW,HOLD,2024-01-19,own_trade,medium,https://www.moomoo.com/community/feed/mark-minervini-x-updated-111779897147798,True,True,True,2024-01-04,True,73.3,FAIL,False,True,False,,
GOOGL,HOLD,2024-01-19,own_trade,medium,https://www.moomoo.com/community/feed/mark-minervini-x-updated-111779897147798,False,True,True,,,,,,,,exp1_tune_2022_24:2024-01-31,exp1_tune_2022_24:2024-02-01:-6%
GWRE,HOLD,2024-01-19,own_trade,medium,https://www.moomoo.com/community/feed/mark-minervini-x-updated-111779897147798,True,True,True,2024-01-04,True,91.1,FAIL,False,True,False,,
META,HOLD,2024-01-19,own_trade,medium,https://www.moomoo.com/community/feed/mark-minervini-x-updated-111779897147798,False,False,False,,,,,,,,,
NVDA,HOLD,2024-01-19,own_trade,medium,https://www.moomoo.com/community/feed/mark-minervini-x-updated-111779897147798,False,True,True,,,,,,,,,
TW,HOLD,2024-01-19,own_trade,medium,https://www.moomoo.com/community/feed/mark-minervini-x-updated-111779897147798,False,False,False,,,,,,,,,
CAMT,SELL,2024-01-25,own_trade,medium,https://www.moomoo.com/community/feed/mark-minervini-x-updated-111812914380806,False,False,False,,,,,,,,,
CW,HOLD,2024-01-25,own_trade,medium,https://www.moomoo.com/community/feed/mark-minervini-x-updated-111812914380806,True,True,True,2024-01-10,True,75.3,FAIL,False,True,False,,
EYPT,HOLD,2024-01-25,own_trade,medium,https://www.moomoo.com/community/feed/mark-minervini-x-updated-111812914380806,False,False,False,,,,,,,,,
GOOGL,SELL,2024-01-25,own_trade,medium,https://www.moomoo.com/community/feed/mark-minervini-x-updated-111812914380806,False,True,True,,,,,,,,exp1_tune_2022_24:2024-01-31,exp1_tune_2022_24:2024-02-01:-6%
GWRE,SELL,2024-01-25,own_trade,medium,https://www.moomoo.com/community/feed/mark-minervini-x-updated-111812914380806,True,True,True,2024-01-10,True,91.7,FAIL,False,True,False,,
HUBB,HOLD,2024-01-25,own_trade,medium,https://www.moomoo.com/community/feed/mark-minervini-x-updated-111812914380806,False,False,False,,,,,,,,,
LBPH,HOLD,2024-01-25,own_trade,medium,https://www.moomoo.com/community/feed/mark-minervini-x-updated-111812914380806,False,False,False,,,,,,,,,
LULU,HOLD,2024-01-25,own_trade,medium,https://www.moomoo.com/community/feed/mark-minervini-x-updated-111812914380806,False,False,False,,,,,,,,,
META,SELL,2024-01-25,own_trade,medium,https://www.moomoo.com/community/feed/mark-minervini-x-updated-111812914380806,False,False,False,,,,,,,,,
NFLX,SELL,2024-01-25,own_trade,medium,https://www.moomoo.com/community/feed/mark-minervini-x-updated-111812914380806,False,False,False,,,,,,,,,
NVDA,SELL,2024-01-25,own_trade,medium,https://www.moomoo.com/community/feed/mark-minervini-x-updated-111812914380806,False,True,True,,,,,,,,,
RMBS,SELL,2024-01-25,own_trade,medium,https://www.moomoo.com/community/feed/mark-minervini-x-updated-111812914380806,True,True,True,2024-01-10,True,93.7,FAIL,False,True,False,,
TJX,HOLD,2024-01-25,own_trade,medium,https://www.moomoo.com/community/feed/mark-minervini-x-updated-111812914380806,False,False,False,,,,,,,,,
UBER,HOLD,2024-01-25,own_trade,medium,https://www.moomoo.com/community/feed/mark-minervini-x-updated-111812914380806,False,False,False,,,,,,,,,
URBN,HOLD,2024-01-25,own_trade,medium,https://www.moomoo.com/community/feed/mark-minervini-x-updated-111812914380806,True,True,True,2024-01-10,True,86.2,FAIL,False,True,False,,
VMC,SELL,2024-01-25,own_trade,medium,https://www.moomoo.com/community/feed/mark-minervini-x-updated-111812914380806,False,False,False,,,,,,,,,
IBIT,BUY,2024-02-07,own_trade,high,https://x.com/markminervini/status/1762138783422566690,False,False,False,,,,,,,,,
IBIT,HOLD,2024-03-04,own_trade,high,https://x.com/markminervini/status/1764797131406074159,False,False,False,,,,,,,,,
MU,BUY,2024-04-26,own_trade,high,https://x.com/markminervini/status/1795475913833845049,False,False,False,,,,,,,,,
MU,HOLD,2024-05-28,own_trade,high,https://x.com/markminervini/status/1795475913833845049,False,False,False,,,,,,,,,
APP,BUY,2024-09-12,own_trade,medium,https://x.com/markminervini/status/1834268442897064242,False,True,True,,,,,,,,,
AXON,BUY,2024-09-12,own_trade,medium,https://x.com/markminervini/status/1834268442897064242,False,True,True,,,,,,,,,
DVA,BUY,2024-09-12,own_trade,medium,https://x.com/markminervini/status/1834268442897064242,False,False,False,,,,,,,,,
LMB,BUY,2024-09-12,own_trade,medium,https://x.com/markminervini/status/1834268442897064242,False,False,False,,,,,,,,,
NMM,BUY,2024-09-12,own_trade,medium,https://x.com/markminervini/status/1834268442897064242,False,False,False,,,,,,,,,
ONON,HOLD,2024-09-12,own_trade,high,https://x.com/markminervini/status/1834268442897064242,False,True,True,,,,,,,,,
SCHW,SELL,2024-09-12,own_trade,high,https://x.com/markminervini/status/1834268442897064242,False,False,False,,,,,,,,,
RNA,BUY,2024-11-13,own_trade,high,https://x.com/markminervini/status/1856764704234041720,False,False,False,,,,,,,,,
RNA,SELL,2024-11-13,own_trade,high,https://x.com/markminervini/status/1856764704234041720,False,False,False,,,,,,,,,
SPY,SELL,2024-12-09,own_trade,high,https://x.com/markminervini/status/1874139838313574883,False,False,True,,,,,,,,,
NVDA,SELL,2024-Q1,own_trade,high,https://x.com/markminervini/status/1760774946777706636,False,True,True,,,,,,,,,
SPY,SELL,2025-02-24,own_trade,high,https://x.com/markminervini/status/1901692374763376678,False,False,True,,,,,,,,,
TATT,BUY,2025-04,own_trade,medium,https://newsonwallstreet.com/5-stocks-mark-minervini-has-mentioned-on-x-a-traders-watchlist-highlights/,False,False,False,,,,,,,,,
ABVX,HOLD,2025-08,own_trade,medium,https://newsonwallstreet.com/5-stocks-mark-minervini-has-mentioned-on-x-a-traders-watchlist-highlights/,False,False,False,,,,,,,,,
CCL,BUY,2025-08,own_trade,medium,https://newsonwallstreet.com/5-stocks-mark-minervini-has-mentioned-on-x-a-traders-watchlist-highlights/,False,False,False,,,,,,,,,
IBIT,HOLD,2025-08,own_trade,medium,https://newsonwallstreet.com/5-stocks-mark-minervini-has-mentioned-on-x-a-traders-watchlist-highlights/,False,False,False,,,,,,,,,
IWM,HOLD,2025-08,own_trade,medium,https://newsonwallstreet.com/5-stocks-mark-minervini-has-mentioned-on-x-a-traders-watchlist-highlights/,False,False,True,,,,,,,,,
IWN,BUY,2025-08,own_trade,medium,https://newsonwallstreet.com/5-stocks-mark-minervini-has-mentioned-on-x-a-traders-watchlist-highlights/,False,False,False,,,,,,,,,
OLLI,HOLD,2025-08,own_trade,medium,https://newsonwallstreet.com/5-stocks-mark-minervini-has-mentioned-on-x-a-traders-watchlist-highlights/,True,True,True,2025-08-01,True,88.4,FAIL,False,True,False,,
STX,HOLD,2025-08,own_trade,medium,https://newsonwallstreet.com/5-stocks-mark-minervini-has-mentioned-on-x-a-traders-watchlist-highlights/,False,False,False,,,,,,,,,
UBER,BUY,2025-08,own_trade,medium,https://newsonwallstreet.com/5-stocks-mark-minervini-has-mentioned-on-x-a-traders-watchlist-highlights/,False,False,False,,,,,,,,,
SPY,SELL,2025-08-18,own_trade,high,https://x.com/markminervini/status/1958176651340116452,False,False,True,,,,,,,,,
MRUS,SELL,2025-09,own_trade,medium,https://newsonwallstreet.com/5-stocks-mark-minervini-has-mentioned-on-x-a-traders-watchlist-highlights/,False,False,False,,,,,,,,,
SPY,SELL,2025-10-29,own_trade,high,https://x.com/markminervini/status/1989010898585899326,False,False,True,,,,,,,,,
RTX,SELL,2026-06-02,own_trade,high,https://x.com/markminervini/status/2061860791091872092,False,False,False,,,,,,,,,
ASML,HOLD,2026-06-11,own_trade,high,https://x.com/markminervini/status/2065129055406444742,False,False,False,,,,,,,,,
FRST,HOLD,2026-06-11,own_trade,high,https://x.com/markminervini/status/2065129055406444742,False,False,False,,,,,,,,,
KRYS,HOLD,2026-06-11,own_trade,high,https://x.com/markminervini/status/2065129055406444742,True,True,True,2026-05-28,True,94.0,FAIL,False,True,False,exp3_B2_2024_26:2026-06-17; exp3_B3_2024_26:2026-06-17,
MAR,HOLD,2026-06-11,own_trade,high,https://x.com/markminervini/status/2065129055406444742,False,False,False,,,,,,,,,
MATX,HOLD,2026-06-11,own_trade,high,https://x.com/markminervini/status/2065129055406444742,True,True,True,2026-05-28,True,80.5,FAIL,False,True,False,,
MNST,HOLD,2026-06-11,own_trade,high,https://x.com/markminervini/status/2065129055406444742,False,False,False,,,,,,,,,
MS,HOLD,2026-06-11,own_trade,high,https://x.com/markminervini/status/2065129055406444742,False,False,False,,,,,,,,,
PSMT,HOLD,2026-06-11,own_trade,high,https://x.com/markminervini/status/2065129055406444742,True,True,True,2026-05-28,True,79.9,FAIL,False,True,False,,
PSX,HOLD,2026-06-11,own_trade,high,https://x.com/markminervini/status/2065129055406444742,False,False,False,,,,,,,,,
ROST,HOLD,2026-06-11,own_trade,high,https://x.com/markminervini/status/2065129055406444742,False,False,False,,,,,,,,,
SMFG,HOLD,2026-06-11,own_trade,high,https://x.com/markminervini/status/2065129055406444742,False,False,False,,,,,,,,,
VIK,HOLD,2026-06-11,own_trade,high,https://x.com/markminervini/status/2065129055406444742,False,False,False,,,,,,,,,
