ticker,action,date,in_sp500,check_day,trend_template,rs_pct_vs_sp1500,fundamentals_strict,fund_reason,fund_score_0_4,breakout_50d_high,passes_strict,passes_rank_only,note
GM,BUY,2021-01-11,True,2021-01-13,True,71.2,FAIL,"Q1=PASS, Q2=PASS, Q3=PASS, Q4=FAIL",3.0,True,False,True,
NNOX,BUY,2021-01-20,False,,,,,,,,,,no/short price history
UAVS,BUY,2021-02-09,False,2021-02-10,True,91.2,FAIL,"Q1=PASS, Q2=FAIL, Q3=PASS, Q4=PASS [BREAKOUT_YEAR]",3.0,True,False,True,
GBOX,BUY,2021-04-05,False,,,,,,,,,,no/short price history
ZIM,BUY,2021-04-08,False,,,,,,,,,,no/short price history
BNTX,BUY,2021-06-02,False,2021-06-07,True,91.3,SKIP,NO_FUNDAMENTALS,0.0,True,False,True,
HSKA,BUY,2021-06-04,False,,,,,,,,,,no/short price history
TSP,BUY,2021-06-08,False,,,,,,,,,,no/short price history
PYPL,BUY,2021-06-09,True,2021-06-08,True,71.2,PASS,"Q1=PASS, Q2=PASS, Q3=PASS, Q4=PASS [BREAKOUT_YEAR]",4.0,False,True,True,
AAPL,BUY,2021-06-17,True,2021-06-14,True,48.2,PASS,"Q1=PASS, Q2=PASS, Q3=PASS, Q4=PASS [BREAKOUT_YEAR]",4.0,False,False,False,
MRNA,BUY,2021-06-25,True,2021-06-11,True,90.0,FAIL,"Q1=PASS, Q2=PASS, Q3=PASS, Q4=FAIL",3.0,False,False,True,
SE,BUY,2021-08,False,2021-08-05,True,83.1,SKIP,NO_FUNDAMENTALS,0.0,True,False,True,
SNAP,BUY,2021-08,False,2021-08-02,True,90.0,FAIL,Q1 FAIL: current EPS -0.1 is a loss,0.0,False,False,True,
SQ,BUY,2021-08,False,,,,,,,,,,no/short price history
NUE,BUY,2021-08-09,True,2021-08-10,True,88.2,FAIL,"Q1=PASS, Q2=PASS, Q3=PASS, Q4=FAIL",3.0,True,False,True,
TSLA,BUY,2021-09-24,True,2021-09-17,False,74.1,PASS,"Q1=PASS, Q2=PASS, Q3=PASS, Q4=PASS [BREAKOUT_YEAR]",4.0,True,False,False,
AIG,BUY,2021-10,True,2021-10-01,True,79.1,FAIL,"Q1=PASS, Q2=PASS, Q3=PASS, Q4=FAIL",3.0,False,False,True,
RVLV,BUY,2021-10,False,2021-10-29,True,91.3,PASS,"Q1=PASS, Q2=PASS, Q3=PASS, Q4=PASS [BREAKOUT_YEAR]",4.0,True,True,True,
UPST,BUY,2021-10-12,False,,,,,,,,,,no/short price history
SCHW,BUY,2021-10-15,True,2021-10-15,True,84.7,FAIL,"Q1=PASS, Q2=PASS, Q3=PASS, Q4=FAIL",3.0,True,False,True,
ASYS,BUY,2021-10-26,False,2021-10-28,True,89.6,FAIL,"Q1=PASS, Q2=PASS, Q3=PASS, Q4=FAIL",3.0,True,False,True,
AAPL,HOLD,2021-11,True,2021-11-18,True,47.4,PASS,"Q1=PASS, Q2=PASS, Q3=PASS, Q4=PASS [BREAKOUT_YEAR]",4.0,True,False,False,
NUE,BUY,2021-11,True,2021-11-22,True,88.5,FAIL,"Q1=PASS, Q2=FAIL, Q3=PASS, Q4=FAIL",2.0,True,False,True,
CARR,BUY,2021-12,True,2021-12-02,True,72.3,FAIL,Q1 FAIL: EPS growth -36.9% < 20%,0.0,False,False,True,
SRTS,BUY,2021-12,False,2021-12-07,True,89.8,FAIL,"Q1=PASS, Q2=PASS, Q3=PASS, Q4=FAIL",3.0,True,False,True,
YELL,BUY,2021-12,False,,,,,,,,,,no/short price history
NVDA,BUY,2024-01,True,2024-01-08,True,96.3,FAIL,"Q1=PASS, Q2=PASS, Q3=PASS, Q4=FAIL",3.0,True,False,True,
BKNG,HOLD,2024-01-19,True,2024-01-04,True,88.8,FAIL,"Q1=PASS, Q2=FAIL, Q3=PASS, Q4=PASS",3.0,False,False,True,
CAMT,HOLD,2024-01-19,False,2024-01-09,True,96.2,SKIP,NO_FUNDAMENTALS,0.0,True,False,True,
GOOGL,HOLD,2024-01-19,True,2024-01-19,True,88.4,FAIL,"Q1=PASS, Q2=PASS, Q3=PASS, Q4=FAIL",3.0,True,False,True,
META,HOLD,2024-01-19,True,2024-01-10,True,96.0,FAIL,"Q1=PASS, Q2=PASS, Q3=PASS, Q4=FAIL",3.0,True,False,True,
NVDA,HOLD,2024-01-19,True,2024-01-08,True,96.3,FAIL,"Q1=PASS, Q2=PASS, Q3=PASS, Q4=FAIL",3.0,True,False,True,
TW,HOLD,2024-01-19,False,2024-01-18,True,79.2,FAIL,"Q1=PASS, Q2=FAIL, Q3=PASS, Q4=PASS [BREAKOUT_YEAR]",3.0,True,False,True,
EYPT,HOLD,2024-01-25,False,2024-01-10,True,96.8,FAIL,"Q1=PASS, Q2=PASS, Q3=PASS, Q4=FAIL",3.0,False,False,True,
HUBB,HOLD,2024-01-25,True,2024-01-30,True,85.8,PASS,"Q1=PASS, Q2=PASS, Q3=PASS, Q4=PASS [BREAKOUT_YEAR]",4.0,True,True,True,
LBPH,HOLD,2024-01-25,False,,,,,,,,,,no/short price history
LULU,HOLD,2024-01-25,True,2024-01-10,True,88.2,FAIL,Q1 FAIL: EPS growth -2.0% < 20%,0.0,False,False,True,
TJX,HOLD,2024-01-25,True,2024-02-08,True,71.7,FAIL,Q1 FAIL: EPS growth 13.2% < 20%,0.0,True,False,True,
UBER,HOLD,2024-01-25,True,2024-02-07,True,95.1,FAIL,"Q1=PASS, Q2=PASS, Q3=PASS, Q4=FAIL",3.0,True,False,True,
MU,BUY,2024-04-26,True,2024-04-12,True,92.7,FAIL,"Q1=PASS, Q2=FAIL, Q3=PASS, Q4=FAIL",2.0,False,False,True,
MU,HOLD,2024-05-28,True,2024-05-13,True,92.6,FAIL,"Q1=PASS, Q2=FAIL, Q3=PASS, Q4=FAIL",2.0,False,False,True,
APP,BUY,2024-09-12,True,2024-08-29,True,96.1,PASS,"Q1=PASS, Q2=PASS, Q3=PASS, Q4=PASS [BREAKOUT_YEAR]",4.0,True,True,True,
AXON,BUY,2024-09-12,True,2024-09-12,True,92.6,SKIP,STALE_128d,0.0,True,False,True,
DVA,BUY,2024-09-12,True,2024-09-12,True,88.0,FAIL,"Q1=PASS, Q2=FAIL, Q3=PASS, Q4=PASS",3.0,True,False,True,
LMB,BUY,2024-09-12,False,2024-09-19,True,96.3,FAIL,Q1 FAIL: EPS growth 8.7% < 20%,0.0,True,False,True,
NMM,BUY,2024-09-12,False,2024-09-12,True,96.9,SKIP,NO_FUNDAMENTALS,0.0,True,False,True,
ONON,HOLD,2024-09-12,False,2024-08-28,True,88.8,SKIP,NO_FUNDAMENTALS,0.0,False,False,True,
RNA,BUY,2024-11-13,False,,,,,,,,,,no/short price history
TATT,BUY,2025-04,False,2025-04-17,True,98.1,SKIP,NO_FUNDAMENTALS,0.0,True,False,True,
ABVX,HOLD,2025-08,False,2025-08-01,True,98.6,SKIP,NO_FUNDAMENTALS,0.0,False,False,True,
CCL,BUY,2025-08,True,2025-08-01,False,94.1,FAIL,"Q1=PASS, Q2=FAIL, Q3=PASS, Q4=PASS [BREAKOUT_YEAR]",3.0,False,False,False,
STX,HOLD,2025-08,True,2025-08-01,True,92.3,PASS,"Q1=PASS, Q2=PASS, Q3=PASS, Q4=PASS",4.0,False,True,True,
UBER,BUY,2025-08,True,2025-08-05,True,88.1,FAIL,"Q1=PASS, Q2=FAIL, Q3=PASS, Q4=PASS [BREAKOUT_YEAR]",3.0,False,False,True,
ASML,HOLD,2026-06-11,False,2026-06-04,True,92.9,SKIP,NO_FUNDAMENTALS,0.0,True,False,True,
FRST,HOLD,2026-06-11,False,2026-06-02,True,79.3,FAIL,Q1 FAIL: EPS growth -67.4% < 20%,0.0,True,False,True,
MAR,HOLD,2026-06-11,True,2026-06-05,True,78.1,FAIL,Q1 FAIL: EPS growth 1.7% < 20%,0.0,True,False,True,
MNST,HOLD,2026-06-11,True,2026-06-09,True,74.8,PASS,"Q1=PASS, Q2=PASS, Q3=PASS, Q4=PASS [BREAKOUT_YEAR]",4.0,True,True,True,
MS,HOLD,2026-06-11,True,2026-05-29,True,81.2,FAIL,"Q1=PASS, Q2=FAIL, Q3=PASS, Q4=PASS [BREAKOUT_YEAR]",3.0,True,False,True,
PSX,HOLD,2026-06-11,True,2026-05-28,True,79.0,FAIL,Q1 FAIL: EPS growth -56.8% < 20%,0.0,False,False,True,
ROST,HOLD,2026-06-11,True,2026-05-28,True,81.0,FAIL,Q1 FAIL: EPS growth 12.4% < 20%,0.0,False,False,True,
SMFG,HOLD,2026-06-11,False,2026-06-11,True,81.3,SKIP,NO_FUNDAMENTALS,0.0,True,False,True,
VIK,HOLD,2026-06-11,False,2026-06-22,True,90.5,SKIP,NO_FUNDAMENTALS,0.0,True,False,True,
