tag,start,end,rs_threshold,breakout_volume,stop_max_pct,max_positions,trades,sharpe,cagr,max_dd,total_return,win_rate,wl_ratio,exposure,audit_passed,run_id,error
full,2022-01-03,2024-06-28,70,1.2,0.06,4,109,0.10997877656095519,0.00558469613129442,-0.0830721964404042,0.013925577724690719,0.3211009174311927,2.143769451314694,0.2980833913530226,True,full_rs_70_bre1.2_sto0.06_max4,
full,2022-01-03,2024-06-28,70,1.2,0.06,6,149,-0.2638502457282603,-0.019207068804527827,-0.1038847779417511,-0.047018301250008276,0.3087248322147651,1.9444851607075155,0.2566517627062278,True,full_rs_70_bre1.2_sto0.06_max6,
full,2022-01-03,2024-06-28,70,1.2,0.06,8,172,-0.317483578465414,-0.02072998705073159,-0.10942398713461943,-0.050688593246123737,0.3081395348837209,1.9610893003591927,0.22939546765104288,True,full_rs_70_bre1.2_sto0.06_max8,
full,2022-01-03,2024-06-28,70,1.2,0.06,12,192,-0.21779843110772235,-0.012309181540870684,-0.07958548760622008,-0.030288059110208376,0.3072916666666667,1.9781341857599473,0.20039506785094074,True,full_rs_70_bre1.2_sto0.06_max12,
full,2022-01-03,2024-06-28,70,1.2,0.08,4,97,0.4457700569302554,0.03904451831291533,-0.11303914635857526,0.09978158881348431,0.35051546391752575,2.186404522456459,0.31262498276334333,True,full_rs_70_bre1.2_sto0.08_max4,
full,2022-01-03,2024-06-28,70,1.2,0.08,6,132,0.06664162268240216,0.0022143094000073305,-0.08205287512521442,0.005507673901459675,0.32575757575757575,2.0927802013064216,0.2629597958621054,True,full_rs_70_bre1.2_sto0.08_max6,
full,2022-01-03,2024-06-28,70,1.2,0.08,8,153,0.007448005918591539,-0.0016910547393665931,-0.10449244637415989,-0.004194014051319583,0.3137254901960784,2.089819715611732,0.24179088765444645,True,full_rs_70_bre1.2_sto0.08_max8,
full,2022-01-03,2024-06-28,70,1.2,0.08,12,182,-0.21345220391745373,-0.012556077374317298,-0.08012754155207324,-0.030889886619054785,0.3241758241758242,1.902761974279822,0.20694732456999682,True,full_rs_70_bre1.2_sto0.08_max12,
full,2022-01-03,2024-06-28,70,1.2,0.1,4,93,0.5364290648703349,0.0495609516325366,-0.0836917707613749,0.12763066330546713,0.3655913978494624,2.173039793782951,0.33566691399236076,True,full_rs_70_bre1.2_sto0.1_max4,
full,2022-01-03,2024-06-28,70,1.2,0.1,6,130,0.09630807591189115,0.004347909386308357,-0.08216138804378992,0.010831700505399056,0.33076923076923076,2.0545786006696463,0.26664367623147744,True,full_rs_70_bre1.2_sto0.1_max6,
full,2022-01-03,2024-06-28,70,1.2,0.1,8,151,-0.16484207881271173,-0.014852693318204935,-0.11097297019260677,-0.03647737532651296,0.31125827814569534,2.0078251430179885,0.26067885321605855,True,full_rs_70_bre1.2_sto0.1_max8,
full,2022-01-03,2024-06-28,70,1.2,0.1,12,184,-0.2265578911922008,-0.013130539934327112,-0.08450384519873289,-0.03228931951380554,0.32065217391304346,1.8649850515822464,0.20209829851601804,True,full_rs_70_bre1.2_sto0.1_max12,
full,2022-01-03,2024-06-28,70,1.4,0.06,4,91,-0.17179001313672726,-0.014358050839293868,-0.08834375058491017,-0.035275578884261805,0.2857142857142857,2.241285975860008,0.23638117960011668,True,full_rs_70_bre1.4_sto0.06_max4,
full,2022-01-03,2024-06-28,70,1.4,0.06,6,117,-0.21947037139317682,-0.016205964096520198,-0.10856092159253183,-0.03976074626213211,0.29914529914529914,2.083940865374174,0.22804858681051907,True,full_rs_70_bre1.4_sto0.06_max6,
full,2022-01-03,2024-06-28,70,1.4,0.06,8,147,-0.5407094708955991,-0.03249434565274578,-0.11469970428828946,-0.0787566611946563,0.2857142857142857,1.920665096507625,0.20269039008960532,True,full_rs_70_bre1.4_sto0.06_max8,
full,2022-01-03,2024-06-28,70,1.4,0.06,12,158,-0.42834853567319453,-0.020647854654018305,-0.08122995379611009,-0.05049086677529491,0.2911392405063291,1.9305103330543638,0.16093290432340304,True,full_rs_70_bre1.4_sto0.06_max12,
full,2022-01-03,2024-06-28,70,1.4,0.08,4,90,-0.23567920432003517,-0.018869600948709597,-0.09663524716519178,-0.046203845450988434,0.28888888888888886,2.153179862890828,0.2374890670182157,True,full_rs_70_bre1.4_sto0.08_max4,
full,2022-01-03,2024-06-28,70,1.4,0.08,6,106,-0.03410663546976047,-0.006856768405746783,-0.11469021907020971,-0.016940449856427175,0.3018867924528302,2.231427736266486,0.34442038886033377,True,full_rs_70_bre1.4_sto0.08_max6,
full,2022-01-03,2024-06-28,70,1.4,0.08,8,145,-0.526844681185198,-0.03159166816487258,-0.12200524882785324,-0.07662081014529798,0.2896551724137931,1.8580549116477894,0.2032018897494471,True,full_rs_70_bre1.4_sto0.08_max8,
full,2022-01-03,2024-06-28,70,1.4,0.08,12,155,-0.2885883333410655,-0.014919509880384152,-0.08508306310721447,-0.03663964601794567,0.2903225806451613,1.8588650017987736,0.16965312208130276,True,full_rs_70_bre1.4_sto0.08_max12,
full,2022-01-03,2024-06-28,70,1.4,0.1,4,88,-0.05045027577185659,-0.0075529092286926724,-0.1264010215399206,-0.01865068690544558,0.29545454545454547,2.126777391730095,0.28501833786513436,True,full_rs_70_bre1.4_sto0.1_max4,
full,2022-01-03,2024-06-28,70,1.4,0.1,6,101,0.7258517866345569,0.07191446259077083,-0.12119710125134786,0.18821371551061228,0.31683168316831684,2.1328498408045227,0.3986807134052633,True,full_rs_70_bre1.4_sto0.1_max6,
full,2022-01-03,2024-06-28,70,1.4,0.1,8,128,-0.13541918226394353,-0.009885707341285244,-0.08943038116751711,-0.024368803937627193,0.3203125,1.8742146234440051,0.22693284469304295,True,full_rs_70_bre1.4_sto0.1_max8,
full,2022-01-03,2024-06-28,70,1.4,0.1,12,144,-0.10107754045464135,-0.006923380998664408,-0.07559648417546827,-0.017104176642938396,0.3194444444444444,1.9438974102431792,0.196778849329173,True,full_rs_70_bre1.4_sto0.1_max12,
full,2022-01-03,2024-06-28,70,1.6,0.06,4,75,-0.24644663211930987,-0.020155051561463022,-0.10126131013706474,-0.049303970394581564,0.28,2.269809832890314,0.23387882344758779,True,full_rs_70_bre1.6_sto0.06_max4,
full,2022-01-03,2024-06-28,70,1.6,0.06,6,101,-0.5037018540126571,-0.028526200075237762,-0.10363102645984157,-0.06934545356177046,0.2871287128712871,2.0993752109302655,0.1913564628456584,True,full_rs_70_bre1.6_sto0.06_max6,
full,2022-01-03,2024-06-28,70,1.6,0.06,8,114,-0.13160079737613362,-0.009148370227797353,-0.07401723032506335,-0.02256361226906356,0.30701754385964913,2.0849378619317016,0.2017184512186875,True,full_rs_70_bre1.6_sto0.06_max8,
full,2022-01-03,2024-06-28,70,1.6,0.06,12,121,-0.1403541060349934,-0.006337161312967243,-0.05188753619441522,-0.015662750828827954,0.30578512396694213,2.03186747473501,0.1375261722075817,True,full_rs_70_bre1.6_sto0.06_max12,
full,2022-01-03,2024-06-28,70,1.6,0.08,4,75,-0.04361006721909031,-0.006854803321894476,-0.11801442099212223,-0.016935619638492883,0.29333333333333333,2.17848356623806,0.2466433263217094,True,full_rs_70_bre1.6_sto0.08_max4,
full,2022-01-03,2024-06-28,70,1.6,0.08,6,94,0.26228881326858844,0.01850285760927317,-0.11013093106959948,0.04657922099156586,0.30851063829787234,2.108039850363587,0.292734071820965,True,full_rs_70_bre1.6_sto0.08_max6,
full,2022-01-03,2024-06-28,70,1.6,0.08,8,110,0.3500704112278419,0.02459934379194384,-0.07927396332436198,0.0622046509567733,0.32727272727272727,2.1116750404735427,0.2917606369327637,True,full_rs_70_bre1.6_sto0.08_max8,
full,2022-01-03,2024-06-28,70,1.6,0.08,12,121,-0.329248755561691,-0.014818922217678776,-0.055505859756198594,-0.03639535262684168,0.30578512396694213,1.9129934079987874,0.14421691536343062,True,full_rs_70_bre1.6_sto0.08_max12,
full,2022-01-03,2024-06-28,70,1.6,0.1,4,73,-0.21722840449853562,-0.02181097872219373,-0.13452585982604415,-0.05328869315524076,0.3013698630136986,1.966874467459091,0.2496698413394719,True,full_rs_70_bre1.6_sto0.1_max4,
full,2022-01-03,2024-06-28,70,1.6,0.1,6,94,0.017923527701691325,-0.0022713390070802086,-0.12331107156262067,-0.005630761358369596,0.30851063829787234,1.958812241308835,0.29699557023478196,True,full_rs_70_bre1.6_sto0.1_max6,
full,2022-01-03,2024-06-28,70,1.6,0.1,8,109,0.14232089444687185,0.008336773460442704,-0.08609700121803943,0.02083029782362389,0.3302752293577982,1.959242254796934,0.29755320582129857,True,full_rs_70_bre1.6_sto0.1_max8,
full,2022-01-03,2024-06-28,70,1.6,0.1,12,120,-0.37833625158053247,-0.018387496955452165,-0.06024727438935207,-0.04503959913547606,0.31666666666666665,1.8301977827699663,0.14667233962451617,True,full_rs_70_bre1.6_sto0.1_max12,
full,2022-01-03,2024-06-28,80,1.2,0.06,4,111,-0.2748627736822906,-0.03026955121555097,-0.16371644384276474,-0.07348717742790434,0.2972972972972973,1.9308108593020705,0.32186988848364684,True,full_rs_80_bre1.2_sto0.06_max4,
full,2022-01-03,2024-06-28,80,1.2,0.06,6,146,-0.1973029739119268,-0.014920706656181504,-0.10902617967841799,-0.03664255235862435,0.3082191780821918,2.037291213259751,0.2193907438868113,True,full_rs_80_bre1.2_sto0.06_max6,
full,2022-01-03,2024-06-28,80,1.2,0.06,8,162,-0.47406035649771716,-0.030469916115474338,-0.10961191139227999,-0.07396248261890515,0.2962962962962963,2.0119084001985073,0.22080733664199426,True,full_rs_80_bre1.2_sto0.06_max8,
full,2022-01-03,2024-06-28,80,1.2,0.06,12,170,-0.25442913813508394,-0.013581153471246,-0.0786396864336345,-0.033386201850911124,0.3,1.9975680530408282,0.1657230675744233,True,full_rs_80_bre1.2_sto0.06_max12,
full,2022-01-03,2024-06-28,80,1.2,0.08,4,97,-0.32505542469265236,-0.028289905230361567,-0.1194235129032285,-0.06878323257021479,0.28865979381443296,2.157776794415437,0.2732899707837815,True,full_rs_80_bre1.2_sto0.08_max4,
full,2022-01-03,2024-06-28,80,1.2,0.08,6,127,0.10440925434446514,0.004747532773538898,-0.08082836065194521,0.011830758673878838,0.33070866141732286,2.1368727956306937,0.22734965741757915,True,full_rs_80_bre1.2_sto0.08_max6,
full,2022-01-03,2024-06-28,80,1.2,0.08,8,145,-0.3432799859843274,-0.023727788696412233,-0.09533298775779642,-0.057888710960816825,0.2896551724137931,2.1239536730465103,0.2211770980827403,True,full_rs_80_bre1.2_sto0.08_max8,
full,2022-01-03,2024-06-28,80,1.2,0.08,12,156,-0.17826710712812868,-0.010396609964983594,-0.07275720891843207,-0.0256184566381481,0.30128205128205127,2.064377474571758,0.17552341317369516,True,full_rs_80_bre1.2_sto0.08_max12,
full,2022-01-03,2024-06-28,80,1.2,0.1,4,89,-0.13206932056571324,-0.01971999670148461,-0.19304246140666692,-0.04825542219149126,0.3146067415730337,2.1303565965546967,0.30029340977790364,True,full_rs_80_bre1.2_sto0.1_max4,
full,2022-01-03,2024-06-28,80,1.2,0.1,6,124,0.09098170163582756,0.003916713383036452,-0.0883915616479658,0.009754371948264673,0.33064516129032256,2.1000503619318174,0.23597200190107528,True,full_rs_80_bre1.2_sto0.1_max6,
full,2022-01-03,2024-06-28,80,1.2,0.1,8,141,-0.24728941374218213,-0.019923184066792055,-0.1067925673319785,-0.04874522048450525,0.2978723404255319,2.0694065169191833,0.25207545895405287,True,full_rs_80_bre1.2_sto0.1_max8,
full,2022-01-03,2024-06-28,80,1.2,0.1,12,153,-0.27738300553526746,-0.01505719941770145,-0.07803142274852448,-0.036973987324065205,0.30718954248366015,2.008809074056916,0.17215529446971267,True,full_rs_80_bre1.2_sto0.1_max12,
full,2022-01-03,2024-06-28,80,1.4,0.06,4,88,-0.3433521941854296,-0.025415403462292208,-0.10463701290947436,-0.06192762584211753,0.2727272727272727,2.2615997566635277,0.21312155251078851,True,full_rs_80_bre1.4_sto0.06_max4,
full,2022-01-03,2024-06-28,80,1.4,0.06,6,119,-0.6435830886714529,-0.039519034619544646,-0.12469050274044613,-0.09527715212308552,0.2689075630252101,2.199098526710703,0.18461642081819368,True,full_rs_80_bre1.4_sto0.06_max6,
full,2022-01-03,2024-06-28,80,1.4,0.06,8,129,-0.19827877797033983,-0.012924726970910516,-0.08779850003465484,-0.031788082907936,0.27906976744186046,2.2126547526956,0.19275970385369642,True,full_rs_80_bre1.4_sto0.06_max8,
full,2022-01-03,2024-06-28,80,1.4,0.06,12,135,-0.35861133145482327,-0.01569379407105098,-0.061910481707332154,-0.0385188819433816,0.2740740740740741,2.198307462529273,0.1379583256069532,True,full_rs_80_bre1.4_sto0.06_max12,
full,2022-01-03,2024-06-28,80,1.4,0.08,4,88,-0.4263372205830923,-0.030703989812332577,-0.1170493082799311,-0.07451756725336822,0.2727272727272727,2.177399341360709,0.2136132616102463,True,full_rs_80_bre1.4_sto0.08_max4,
full,2022-01-03,2024-06-28,80,1.4,0.08,6,115,0.029805145373503508,-0.00046127327948730645,-0.132409620283239,-0.0011450561379510171,0.2782608695652174,2.3097953499365094,0.23634024756960242,True,full_rs_80_bre1.4_sto0.08_max6,
full,2022-01-03,2024-06-28,80,1.4,0.08,8,127,-0.239214050152427,-0.015284775361874448,-0.09379332191534295,-0.03752644117104997,0.28346456692913385,2.123661356555411,0.19141128418226505,True,full_rs_80_bre1.4_sto0.08_max8,
full,2022-01-03,2024-06-28,80,1.4,0.08,12,135,-0.5226188363074715,-0.023137370090570708,-0.06613196850222447,-0.05647323291984463,0.2740740740740741,2.0767913602027805,0.1410229397082227,True,full_rs_80_bre1.4_sto0.08_max12,
full,2022-01-03,2024-06-28,80,1.4,0.1,4,84,-0.47666198798594267,-0.03444549793417717,-0.12535912968343899,-0.08336324811687246,0.2857142857142857,2.049526389005186,0.21636877749083752,True,full_rs_80_bre1.4_sto0.1_max4,
full,2022-01-03,2024-06-28,80,1.4,0.1,6,106,-0.01156958926544951,-0.00394968669028084,-0.12884538104333076,-0.009779272352952395,0.3018867924528302,2.1584479169933877,0.24700428443882552,True,full_rs_80_bre1.4_sto0.1_max6,
full,2022-01-03,2024-06-28,80,1.4,0.1,8,119,-0.29573158687190404,-0.019690702738400012,-0.09640220141789502,-0.048184794488045024,0.29411764705882354,2.021665105087934,0.20136278143618425,True,full_rs_80_bre1.4_sto0.1_max8,
full,2022-01-03,2024-06-28,80,1.4,0.1,12,130,-0.6113630249644396,-0.02566885232081262,-0.0784599125653056,-0.06253330194861173,0.27692307692307694,1.9825430120449812,0.13702559017658078,True,full_rs_80_bre1.4_sto0.1_max12,
full,2022-01-03,2024-06-28,80,1.6,0.06,4,75,-0.5106384129165561,-0.032457314408584015,-0.11593531029365967,-0.07866909861608906,0.26666666666666666,2.333922900321971,0.1579600671843326,True,full_rs_80_bre1.6_sto0.06_max4,
full,2022-01-03,2024-06-28,80,1.6,0.06,6,93,-0.5652506125982281,-0.029526869772385167,-0.09817137665171183,-0.07172411915745436,0.26881720430107525,2.2380017110985713,0.15351337837394513,True,full_rs_80_bre1.6_sto0.06_max6,
full,2022-01-03,2024-06-28,80,1.6,0.06,8,102,-0.2597468117037092,-0.014262582666809465,-0.07167324037382028,-0.0350435238680884,0.30392156862745096,2.179309995335194,0.15329277310492165,True,full_rs_80_bre1.6_sto0.06_max8,
full,2022-01-03,2024-06-28,80,1.6,0.06,12,104,-0.32539717255093575,-0.011527756428853286,-0.04821052328961328,-0.028381804406582334,0.2980769230769231,2.170096695755671,0.10355924363782201,True,full_rs_80_bre1.6_sto0.06_max12,
full,2022-01-03,2024-06-28,80,1.6,0.08,4,75,-0.6047677097721604,-0.03757950371138796,-0.12537282393061677,-0.09073365064948435,0.26666666666666666,2.2418995783746536,0.15836581843066347,True,full_rs_80_bre1.6_sto0.08_max4,
full,2022-01-03,2024-06-28,80,1.6,0.08,6,92,0.20558690196990229,0.012539790794779515,-0.10306755066827211,0.03142936218939729,0.29347826086956524,2.3876788560295195,0.23321635328268303,True,full_rs_80_bre1.6_sto0.08_max6,
full,2022-01-03,2024-06-28,80,1.6,0.08,8,102,-0.30692389160936484,-0.017702061981622608,-0.07559601249544678,-0.04338286251762957,0.30392156862745096,2.071590744097719,0.16152470354825818,True,full_rs_80_bre1.6_sto0.08_max8,
full,2022-01-03,2024-06-28,80,1.6,0.08,12,104,-0.36973101633965505,-0.013943701850330892,-0.0508338089115018,-0.03426817684683081,0.2980769230769231,2.069572795793026,0.11024446674400347,True,full_rs_80_bre1.6_sto0.08_max12,
full,2022-01-03,2024-06-28,80,1.6,0.1,4,74,-0.7057488559808077,-0.04392717807046065,-0.13853193548309806,-0.1055530543611164,0.2702702702702703,2.12063639039999,0.1601636912534691,True,full_rs_80_bre1.6_sto0.1_max4,
full,2022-01-03,2024-06-28,80,1.6,0.1,6,92,0.14056817457757836,0.0077366905654443485,-0.11188518029901584,0.019322356110122563,0.29347826086956524,2.29286938129447,0.23602974468826338,True,full_rs_80_bre1.6_sto0.1_max6,
full,2022-01-03,2024-06-28,80,1.6,0.1,8,102,-0.32867120864374627,-0.02243049444923273,-0.08238376554787963,-0.05477688927802693,0.30392156862745096,1.985270249465589,0.1777257030278644,True,full_rs_80_bre1.6_sto0.1_max8,
full,2022-01-03,2024-06-28,80,1.6,0.1,12,103,-0.34635726665423766,-0.015288686368588711,-0.05561354073320446,-0.03753593371244235,0.30097087378640774,1.9804259732047873,0.11876681631617143,True,full_rs_80_bre1.6_sto0.1_max12,
full,2022-01-03,2024-06-28,90,1.2,0.06,4,98,0.06729625850703375,0.0022633951968931143,-0.06645522481190969,0.005629970245146776,0.30612244897959184,2.3524425231598234,0.17621266999624619,True,full_rs_90_bre1.2_sto0.06_max4,
full,2022-01-03,2024-06-28,90,1.2,0.06,6,119,-0.40324655249416497,-0.02190881168447767,-0.07739511057866788,-0.05352379976163346,0.2773109243697479,2.2894973846919506,0.13867344289660197,True,full_rs_90_bre1.2_sto0.06_max6,
full,2022-01-03,2024-06-28,90,1.2,0.06,8,124,-0.3564170534584034,-0.01544279548096017,-0.06411351396465259,-0.037909932823693926,0.28225806451612906,2.2284779730317394,0.11780440250518602,True,full_rs_90_bre1.2_sto0.06_max8,
full,2022-01-03,2024-06-28,90,1.2,0.06,12,128,-0.34179647858612244,-0.011527402578277446,-0.05230788510047102,-0.02838094069599162,0.28125,2.2223841583134902,0.0880672054504344,True,full_rs_90_bre1.2_sto0.06_max12,
full,2022-01-03,2024-06-28,90,1.2,0.08,4,83,0.33828387074150773,0.026101694197909087,-0.127082433734378,0.06607646544098578,0.3253012048192771,2.402083194375422,0.19324868507609616,True,full_rs_90_bre1.2_sto0.08_max4,
full,2022-01-03,2024-06-28,90,1.2,0.08,6,105,-0.16031248448497576,-0.010096817716571116,-0.07530519429453397,-0.024885289650825038,0.29523809523809524,2.2946713826543665,0.14309869667738837,True,full_rs_90_bre1.2_sto0.08_max6,
full,2022-01-03,2024-06-28,90,1.2,0.08,8,110,-0.24757465199207546,-0.01135829070463168,-0.06894547954892893,-0.02796810460663468,0.2818181818181818,2.262990109877102,0.11987756884579183,True,full_rs_90_bre1.2_sto0.08_max8,
full,2022-01-03,2024-06-28,90,1.2,0.08,12,113,-0.24990840873553855,-0.009524015348403192,-0.05271895007049043,-0.02348353759397126,0.2831858407079646,2.251560650988823,0.09827985981099847,True,full_rs_90_bre1.2_sto0.08_max12,
full,2022-01-03,2024-06-28,90,1.2,0.1,4,82,0.11710856816141335,0.0066720543097786855,-0.17178549090938722,0.01665031920428306,0.3170731707317073,2.4225945124034265,0.19844257736720944,True,full_rs_90_bre1.2_sto0.1_max4,
full,2022-01-03,2024-06-28,90,1.2,0.1,6,103,-0.07952382857887895,-0.0074496599988891354,-0.10404952503700438,-0.01839714272321802,0.2815533980582524,2.302164944410854,0.1538206496036246,True,full_rs_90_bre1.2_sto0.1_max6,
full,2022-01-03,2024-06-28,90,1.2,0.1,8,109,-0.15911692647134346,-0.00939962385515658,-0.09154966059942338,-0.023178969916848757,0.27522935779816515,2.2487699937269685,0.1278732035852411,True,full_rs_90_bre1.2_sto0.1_max8,
full,2022-01-03,2024-06-28,90,1.2,0.1,12,112,-0.21518963080539413,-0.009616526279099147,-0.06825147734249182,-0.023710010185006403,0.2767857142857143,2.2179780382406276,0.10394993723588164,True,full_rs_90_bre1.2_sto0.1_max12,
full,2022-01-03,2024-06-28,90,1.4,0.06,4,74,-0.048275202792098196,-0.004581682000072473,-0.07084619478128529,-0.011338743224211911,0.32432432432432434,2.249186504761523,0.14441098700516217,True,full_rs_90_bre1.4_sto0.06_max4,
full,2022-01-03,2024-06-28,90,1.4,0.06,6,92,-0.6873510298653005,-0.03373164572799592,-0.09032024064543331,-0.08167947363382011,0.2717391304347826,2.2384507981073973,0.11873426353381152,True,full_rs_90_bre1.4_sto0.06_max6,
full,2022-01-03,2024-06-28,90,1.4,0.06,8,98,-0.7501840447440398,-0.02726591873529416,-0.07287940046455843,-0.06634449709417956,0.2653061224489796,2.227403515502101,0.09275299257476617,True,full_rs_90_bre1.4_sto0.06_max8,
full,2022-01-03,2024-06-28,90,1.4,0.06,12,99,-0.7686729451971598,-0.019069043674427966,-0.05114540980043203,-0.04668523717965323,0.26262626262626265,2.2198662388935047,0.06252304315614388,True,full_rs_90_bre1.4_sto0.06_max12,
full,2022-01-03,2024-06-28,90,1.4,0.08,4,77,-0.267540131529768,-0.017586678505167153,-0.09572436726918054,-0.043103805185293,0.3116883116883117,2.1499767938175336,0.14466329898698527,True,full_rs_90_bre1.4_sto0.08_max4,
full,2022-01-03,2024-06-28,90,1.4,0.08,6,92,-0.7476543862741339,-0.03693373055837912,-0.09755627351541563,-0.08921785943710947,0.2717391304347826,2.165746903031864,0.11917912702357328,True,full_rs_90_bre1.4_sto0.08_max6,
full,2022-01-03,2024-06-28,90,1.4,0.08,8,98,-0.8051522298660964,-0.029520201727730955,-0.07818022094162613,-0.07170828075676006,0.2653061224489796,2.1598107685559333,0.09325072417517333,True,full_rs_90_bre1.4_sto0.08_max8,
full,2022-01-03,2024-06-28,90,1.4,0.08,12,99,-0.8174899257662439,-0.020450418518372593,-0.0546145299008014,-0.0500154561321704,0.26262626262626265,2.1534868838617176,0.06279972840786807,True,full_rs_90_bre1.4_sto0.08_max12,
full,2022-01-03,2024-06-28,90,1.4,0.1,4,70,0.0622954478220079,0.0017574629728336344,-0.12757264085500808,0.004369875666601519,0.34285714285714286,2.1267866592457554,0.16799101320241472,True,full_rs_90_bre1.4_sto0.1_max4,
full,2022-01-03,2024-06-28,90,1.4,0.1,6,84,-0.3414071682080987,-0.02380443420346312,-0.1101562156807876,-0.0580723689216156,0.2857142857142857,2.1141441627815056,0.13646534960645865,True,full_rs_90_bre1.4_sto0.1_max6,
full,2022-01-03,2024-06-28,90,1.4,0.1,8,93,-0.4603156587386568,-0.023178689887308312,-0.09334199264138066,-0.05657233490284608,0.27956989247311825,2.0770240120211896,0.10737099461322802,True,full_rs_90_bre1.4_sto0.1_max8,
full,2022-01-03,2024-06-28,90,1.4,0.1,12,94,-0.4800216471917318,-0.016164401662544514,-0.06525110604218431,-0.039660005110278895,0.2765957446808511,2.072853039186631,0.07222636462082728,True,full_rs_90_bre1.4_sto0.1_max12,
full,2022-01-03,2024-06-28,90,1.6,0.06,4,62,-0.1503332565779963,-0.011766132219071523,-0.10360880170815678,-0.0289635494523639,0.2903225806451613,2.2893957210458127,0.13489420710943445,True,full_rs_90_bre1.6_sto0.06_max4,
full,2022-01-03,2024-06-28,90,1.6,0.06,6,75,-0.28053612981508513,-0.015538312907409813,-0.09959313536061476,-0.03814169534356637,0.28,2.2569027190551236,0.11016178169353286,True,full_rs_90_bre1.6_sto0.06_max6,
full,2022-01-03,2024-06-28,90,1.6,0.06,8,77,-0.32820941880109344,-0.013142945604236789,-0.0736958324591287,-0.03231952731120602,0.2727272727272727,2.2549892345761857,0.08206769659068011,True,full_rs_90_bre1.6_sto0.06_max8,
full,2022-01-03,2024-06-28,90,1.6,0.06,12,77,-0.33183299900696467,-0.008719868108807094,-0.04969645765824471,-0.021513612546252392,0.2727272727272727,2.2473465876162346,0.054608962598295556,True,full_rs_90_bre1.6_sto0.06_max12,
full,2022-01-03,2024-06-28,90,1.6,0.08,4,62,-0.2430432515811346,-0.01797269160016879,-0.10485328728119403,-0.044037195138708074,0.2903225806451613,2.1704949901902952,0.1355148598933392,True,full_rs_90_bre1.6_sto0.08_max4,
full,2022-01-03,2024-06-28,90,1.6,0.08,6,74,-0.3451141006882392,-0.01887742526417291,-0.10293538507764965,-0.04622273361221918,0.28378378378378377,2.1403776414945477,0.11114442987392044,True,full_rs_90_bre1.6_sto0.08_max6,
full,2022-01-03,2024-06-28,90,1.6,0.08,8,76,-0.3963657839336394,-0.015770667935390392,-0.07624447287668323,-0.03870534000166148,0.27631578947368424,2.142645901529965,0.08278869931789325,True,full_rs_90_bre1.6_sto0.08_max8,
full,2022-01-03,2024-06-28,90,1.6,0.08,12,76,-0.39945183169216986,-0.01046679495712044,-0.051547735310801035,-0.025790052318001244,0.27631578947368424,2.135623129069452,0.055121617571573245,True,full_rs_90_bre1.6_sto0.08_max12,
full,2022-01-03,2024-06-28,90,1.6,0.1,4,62,-0.31906004036609964,-0.023133674313639885,-0.10523321180477496,-0.05646436861341819,0.2903225806451613,2.0844790499830657,0.13695464090585802,True,full_rs_90_bre1.6_sto0.1_max4,
full,2022-01-03,2024-06-28,90,1.6,0.1,6,74,-0.43713754341265326,-0.023812890591434543,-0.1096935697216943,-0.05809263080812799,0.28378378378378377,2.0575531970849474,0.11227469653310987,True,full_rs_90_bre1.6_sto0.1_max6,
full,2022-01-03,2024-06-28,90,1.6,0.1,8,76,-0.48698336630027406,-0.019416292451294503,-0.08151538125366131,-0.0475230396584958,0.27631578947368424,2.0625316439100363,0.08361738919557177,True,full_rs_90_bre1.6_sto0.1_max8,
full,2022-01-03,2024-06-28,90,1.6,0.1,12,76,-0.48668241211215507,-0.012822249791936136,-0.054924500633654394,-0.03153845231267405,0.27631578947368424,2.0559850804340405,0.05568436229143099,True,full_rs_90_bre1.6_sto0.1_max12,
wf1_train,2022-01-03,2022-12-30,70,1.2,0.06,4,53,-0.6300140100972894,-0.05741584106425324,-0.07402102674965994,-0.056767092140864395,0.24528301886792453,2.3990071375567155,0.22414534205055772,True,wf1_train_rs_70_bre1.2_sto0.06_max4,
wf1_train,2022-01-03,2022-12-30,70,1.2,0.06,6,75,-1.1084731407256,-0.07767506239683653,-0.08583660961355521,-0.07680688533195523,0.24,1.9211833226232709,0.18676584200760746,True,wf1_train_rs_70_bre1.2_sto0.06_max6,
wf1_train,2022-01-03,2022-12-30,70,1.2,0.06,8,88,-1.4416849187153946,-0.09243675820390052,-0.09494461405741672,-0.0914119166347972,0.22727272727272727,1.9006683348374767,0.1639579357098428,True,wf1_train_rs_70_bre1.2_sto0.06_max8,
wf1_train,2022-01-03,2022-12-30,70,1.2,0.06,12,96,-1.4300589396639665,-0.06816199787451604,-0.06981201987763397,-0.06739622596444783,0.22916666666666666,1.8596817182539676,0.12202308014294685,True,wf1_train_rs_70_bre1.2_sto0.06_max12,
wf1_train,2022-01-03,2022-12-30,70,1.2,0.08,4,41,0.24830994868218134,0.02341585218480091,-0.10420365265149378,0.02314026020959914,0.2926829268292683,2.5235195841236195,0.26059953576630734,True,wf1_train_rs_70_bre1.2_sto0.08_max4,
wf1_train,2022-01-03,2022-12-30,70,1.2,0.08,6,57,-0.3264201691635669,-0.028735073505871567,-0.06360333834742316,-0.028405510724912597,0.24561403508771928,2.4437831616714645,0.1931348776737752,True,wf1_train_rs_70_bre1.2_sto0.08_max6,
wf1_train,2022-01-03,2022-12-30,70,1.2,0.08,8,69,-0.7073635297532933,-0.055336340395573336,-0.09016214579441029,-0.05471040004564842,0.2028985507246377,2.395634719693414,0.17437720292408973,True,wf1_train_rs_70_bre1.2_sto0.08_max8,
wf1_train,2022-01-03,2022-12-30,70,1.2,0.08,12,90,-1.1395020114988037,-0.060464997442591484,-0.07039353413298755,-0.05978289997644348,0.24444444444444444,1.8018174663145157,0.13347568551932268,True,wf1_train_rs_70_bre1.2_sto0.08_max12,
wf1_train,2022-01-03,2022-12-30,70,1.2,0.1,4,36,0.6291927923033562,0.07577220629101578,-0.08329651587280529,0.07485832931688496,0.3333333333333333,2.423063698227088,0.31422049338713876,True,wf1_train_rs_70_bre1.2_sto0.1_max4,
wf1_train,2022-01-03,2022-12-30,70,1.2,0.1,6,56,-0.38646723554002405,-0.03338155290032496,-0.06350931310219021,-0.03299961064325607,0.25,2.3460658520927113,0.19297578194604936,True,wf1_train_rs_70_bre1.2_sto0.1_max6,
wf1_train,2022-01-03,2022-12-30,70,1.2,0.1,8,68,-0.789111155090936,-0.06381927151763944,-0.09656047010061997,-0.06310062001172334,0.19117647058823528,2.424516202601271,0.1802607955177403,True,wf1_train_rs_70_bre1.2_sto0.1_max8,
wf1_train,2022-01-03,2022-12-30,70,1.2,0.1,12,89,-1.2290705361377212,-0.06619357431697193,-0.07483619946245412,-0.06544913183062917,0.23595505617977527,1.7956725750445537,0.1365750507674195,True,wf1_train_rs_70_bre1.2_sto0.1_max12,
wf1_train,2022-01-03,2022-12-30,70,1.4,0.06,4,42,-0.5306014927617689,-0.043474407996953235,-0.062170365566540986,-0.04297957660769447,0.2619047619047619,2.6290855621992946,0.18981172292206597,True,wf1_train_rs_70_bre1.4_sto0.06_max4,
wf1_train,2022-01-03,2022-12-30,70,1.4,0.06,6,53,-1.2976394586116076,-0.07439309741820244,-0.08100695270387526,-0.07356012265309764,0.20754716981132076,2.5754601497769056,0.14547840784953722,True,wf1_train_rs_70_bre1.4_sto0.06_max6,
wf1_train,2022-01-03,2022-12-30,70,1.4,0.06,8,72,-1.8187221649643615,-0.09300801093428002,-0.09923918707943669,-0.09197716198134065,0.19444444444444445,2.0630690934915754,0.118742225241388,True,wf1_train_rs_70_bre1.4_sto0.06_max8,
wf1_train,2022-01-03,2022-12-30,70,1.4,0.06,12,76,-1.8120343482694594,-0.06649476060921178,-0.07065016963042725,-0.06574705143438297,0.19736842105263158,2.006488507969733,0.08420450141745248,True,wf1_train_rs_70_bre1.4_sto0.06_max12,
wf1_train,2022-01-03,2022-12-30,70,1.4,0.08,4,41,-0.668221819432904,-0.054256112602236395,-0.0707370121168378,-0.05364204130544281,0.2682926829268293,2.4168674340170773,0.19211154830614793,True,wf1_train_rs_70_bre1.4_sto0.08_max4,
wf1_train,2022-01-03,2022-12-30,70,1.4,0.08,6,52,-1.4020163881230052,-0.08222889952617751,-0.08717137613488313,-0.08131210086195684,0.21153846153846154,2.439562028754241,0.1509131572476064,True,wf1_train_rs_70_bre1.4_sto0.08_max6,
wf1_train,2022-01-03,2022-12-30,70,1.4,0.08,8,72,-2.0221619305425818,-0.10165178867270919,-0.10653574936526367,-0.10053054747783341,0.19444444444444445,1.9850505542571328,0.11749420892310528,True,wf1_train_rs_70_bre1.4_sto0.08_max8,
wf1_train,2022-01-03,2022-12-30,70,1.4,0.08,12,76,-1.9292262827240567,-0.0712119651549522,-0.07448002639365081,-0.07041323900621121,0.19736842105263158,1.9343449282926832,0.08505473513689112,True,wf1_train_rs_70_bre1.4_sto0.08_max12,
wf1_train,2022-01-03,2022-12-30,70,1.4,0.1,4,38,0.05591128434584349,0.0005324491982530155,-0.0690890539023189,0.0005262520609010668,0.2631578947368421,2.3300517680607733,0.29729891508150885,True,wf1_train_rs_70_bre1.4_sto0.1_max4,
wf1_train,2022-01-03,2022-12-30,70,1.4,0.1,6,50,-1.0274056991611684,-0.06718912868346416,-0.0732338946205604,-0.06643389260406607,0.22,2.2780830933008556,0.1976325610517288,True,wf1_train_rs_70_bre1.4_sto0.1_max6,
wf1_train,2022-01-03,2022-12-30,70,1.4,0.1,8,58,-0.8994136672465401,-0.05564436934660644,-0.06202635448693006,-0.055015047118233684,0.20689655172413793,2.2807233302205447,0.17878974440113454,True,wf1_train_rs_70_bre1.4_sto0.1_max8,
wf1_train,2022-01-03,2022-12-30,70,1.4,0.1,12,66,-1.1321238482618257,-0.054285514798458556,-0.058843960560952535,-0.053671120255614935,0.19696969696969696,2.2001956780590906,0.13394417591209498,True,wf1_train_rs_70_bre1.4_sto0.1_max12,
wf1_train,2022-01-03,2022-12-30,70,1.6,0.06,4,36,-0.8889318997003262,-0.06406588243562006,-0.08598170751118184,-0.06334454887810659,0.2222222222222222,2.8306601367703355,0.16321125047271295,True,wf1_train_rs_70_bre1.6_sto0.06_max4,
wf1_train,2022-01-03,2022-12-30,70,1.6,0.06,6,47,-1.4004140073496847,-0.077405582574673,-0.08597910200675873,-0.07654029088632708,0.1702127659574468,2.8120647514000807,0.13451996791026363,True,wf1_train_rs_70_bre1.6_sto0.06_max6,
wf1_train,2022-01-03,2022-12-30,70,1.6,0.06,8,56,-1.2992797375436458,-0.06077941105232021,-0.06825587195489369,-0.06009388132371718,0.19642857142857142,2.604093389396691,0.10775468290102314,True,wf1_train_rs_70_bre1.6_sto0.06_max8,
wf1_train,2022-01-03,2022-12-30,70,1.6,0.06,12,57,-1.3652269038857712,-0.04290701715213996,-0.04786184801363258,-0.04241849967440925,0.19298245614035087,2.59511924718753,0.07211882963024575,True,wf1_train_rs_70_bre1.6_sto0.06_max12,
wf1_train,2022-01-03,2022-12-30,70,1.6,0.08,4,38,-1.2406319964951738,-0.08750666056125012,-0.10577186964543073,-0.08653383643664536,0.21052631578947367,2.6482833297734483,0.16325751991162524,True,wf1_train_rs_70_bre1.6_sto0.08_max4,
wf1_train,2022-01-03,2022-12-30,70,1.6,0.08,6,47,-1.5936817600949633,-0.0859054099278963,-0.09276564727004799,-0.08494954665026078,0.1702127659574468,2.629072368868496,0.13526047172897915,True,wf1_train_rs_70_bre1.6_sto0.08_max6,
wf1_train,2022-01-03,2022-12-30,70,1.6,0.08,8,56,-1.430035005279886,-0.0673593032228258,-0.07353762389152563,-0.06660222337002764,0.19642857142857142,2.4698394653112126,0.10892512745988435,True,wf1_train_rs_70_bre1.6_sto0.08_max8,
wf1_train,2022-01-03,2022-12-30,70,1.6,0.08,12,57,-1.5439567570037644,-0.047429059015486774,-0.05157237344361809,-0.04689032805594773,0.19298245614035087,2.46305598822772,0.07050463517149495,True,wf1_train_rs_70_bre1.6_sto0.08_max12,
wf1_train,2022-01-03,2022-12-30,70,1.6,0.1,4,37,-1.5025212893658781,-0.10697428713380341,-0.12247049274869481,-0.10579786177007933,0.21621621621621623,2.36942279379187,0.16984562128964692,True,wf1_train_rs_70_bre1.6_sto0.1_max4,
wf1_train,2022-01-03,2022-12-30,70,1.6,0.1,6,47,-1.867892689951007,-0.1010147454917606,-0.10615034301123494,-0.09990013359517746,0.1702127659574468,2.4301272039382367,0.13949534423799897,True,wf1_train_rs_70_bre1.6_sto0.1_max6,
wf1_train,2022-01-03,2022-12-30,70,1.6,0.1,8,56,-1.603373126419285,-0.07574094292039235,-0.08063446345619507,-0.07489349495064113,0.19642857142857142,2.3316835129184765,0.11057929923270336,True,wf1_train_rs_70_bre1.6_sto0.1_max8,
wf1_train,2022-01-03,2022-12-30,70,1.6,0.1,12,57,-1.7200945279543707,-0.05306079446440559,-0.056301993838135056,-0.052459873329254725,0.19298245614035087,2.328260007591623,0.07153101844357665,True,wf1_train_rs_70_bre1.6_sto0.1_max12,
wf1_train,2022-01-03,2022-12-30,80,1.2,0.06,4,61,-1.3964112492649225,-0.11468280506508288,-0.12672812569873493,-0.11342710529970756,0.22950819672131148,2.1159507497007106,0.19659519037393672,True,wf1_train_rs_80_bre1.2_sto0.06_max4,
wf1_train,2022-01-03,2022-12-30,80,1.2,0.06,6,75,-1.224859751595969,-0.08778574162351227,-0.09002838144198844,-0.0868099647113425,0.22666666666666666,2.1251960225325903,0.16552476851218575,True,wf1_train_rs_80_bre1.2_sto0.06_max6,
wf1_train,2022-01-03,2022-12-30,80,1.2,0.06,8,84,-1.6177549335049157,-0.09323859191264816,-0.09385171459971564,-0.09220531930711495,0.21428571428571427,2.0183848640421598,0.1420404304112945,True,wf1_train_rs_80_bre1.2_sto0.06_max8,
wf1_train,2022-01-03,2022-12-30,80,1.2,0.06,12,89,-1.5750415715439146,-0.06763761521251965,-0.06801339278110907,-0.06687752073032138,0.21348314606741572,1.9942897756460098,0.10405155371409472,True,wf1_train_rs_80_bre1.2_sto0.06_max12,
wf1_train,2022-01-03,2022-12-30,80,1.2,0.08,4,44,-0.737721416126082,-0.06327020869638911,-0.0806634138429072,-0.06255753128528141,0.22727272727272727,2.739822509718586,0.19407809708550833,True,wf1_train_rs_80_bre1.2_sto0.08_max4,
wf1_train,2022-01-03,2022-12-30,80,1.2,0.08,6,55,-0.5340096187962805,-0.04220784993186577,-0.061436140365087044,-0.0417271180927542,0.23636363636363636,2.5664245070567095,0.17400842619531948,True,wf1_train_rs_80_bre1.2_sto0.08_max6,
wf1_train,2022-01-03,2022-12-30,80,1.2,0.08,8,69,-1.2181096751766052,-0.07413065096806637,-0.07950688558161034,-0.07330049698951913,0.18840579710144928,2.5688792991673566,0.14493606339443615,True,wf1_train_rs_80_bre1.2_sto0.08_max8,
wf1_train,2022-01-03,2022-12-30,80,1.2,0.08,12,76,-1.29180322403768,-0.05814442213703008,-0.062082321235844784,-0.05748769440633905,0.19736842105263158,2.4282424588220346,0.10870350309339494,True,wf1_train_rs_80_bre1.2_sto0.08_max12,
wf1_train,2022-01-03,2022-12-30,80,1.2,0.1,4,36,-0.23092678042471887,-0.042237830775030405,-0.15739880628909098,-0.04175676496103853,0.2777777777777778,2.64444301047659,0.260495179757098,True,wf1_train_rs_80_bre1.2_sto0.1_max4,
wf1_train,2022-01-03,2022-12-30,80,1.2,0.1,6,53,-0.6548188232333361,-0.05401833967899361,-0.06937428037585458,-0.05340688283048334,0.22641509433962265,2.5163118335862436,0.18193116678939322,True,wf1_train_rs_80_bre1.2_sto0.1_max6,
wf1_train,2022-01-03,2022-12-30,80,1.2,0.1,8,66,-1.3574231927731988,-0.08543212984448523,-0.0882437901295231,-0.08448128585319237,0.18181818181818182,2.500807482233622,0.15204806340285745,True,wf1_train_rs_80_bre1.2_sto0.1_max8,
wf1_train,2022-01-03,2022-12-30,80,1.2,0.1,12,72,-1.4422797473134714,-0.06561767486397985,-0.06741952328811773,-0.06487948173767522,0.18055555555555555,2.401371079793412,0.11146270897752586,True,wf1_train_rs_80_bre1.2_sto0.1_max12,
wf1_train,2022-01-03,2022-12-30,80,1.4,0.06,4,45,-0.875660461761623,-0.06857686033489363,-0.08465347147598512,-0.06780659916537679,0.2222222222222222,2.7557826075813563,0.1609866453114743,True,wf1_train_rs_80_bre1.4_sto0.06_max4,
wf1_train,2022-01-03,2022-12-30,80,1.4,0.06,6,58,-1.607043253945664,-0.09471510454152099,-0.09930698147555383,-0.09366632821943432,0.1896551724137931,2.6329151271336655,0.1278622267494825,True,wf1_train_rs_80_bre1.4_sto0.06_max6,
wf1_train,2022-01-03,2022-12-30,80,1.4,0.06,8,65,-1.424596136411464,-0.06774413529333179,-0.07314187599942645,-0.06698288725625767,0.2,2.5182704392263005,0.10439327735352043,True,wf1_train_rs_80_bre1.4_sto0.06_max8,
wf1_train,2022-01-03,2022-12-30,80,1.4,0.06,12,67,-1.3816016696006368,-0.04826827291754354,-0.05188758282837891,-0.0477202503314349,0.19402985074626866,2.5111965361439865,0.07521358387397473,True,wf1_train_rs_80_bre1.4_sto0.06_max12,
wf1_train,2022-01-03,2022-12-30,80,1.4,0.08,4,45,-1.0731637987336289,-0.08164832812860023,-0.09734775569882481,-0.08073771382082928,0.2222222222222222,2.571294201865031,0.16203523425915864,True,wf1_train_rs_80_bre1.4_sto0.08_max4,
wf1_train,2022-01-03,2022-12-30,80,1.4,0.08,6,58,-1.7478123692667613,-0.10335800598524891,-0.10751719704746365,-0.10221903491891116,0.1896551724137931,2.492731144682299,0.12836308094769136,True,wf1_train_rs_80_bre1.4_sto0.08_max6,
wf1_train,2022-01-03,2022-12-30,80,1.4,0.08,8,65,-1.5602000627961758,-0.0745124587359538,-0.07956442181224599,-0.07367820135325553,0.2,2.3984629323419218,0.10487917383953753,True,wf1_train_rs_80_bre1.4_sto0.08_max8,
wf1_train,2022-01-03,2022-12-30,80,1.4,0.08,12,67,-1.5070629398559008,-0.052814641651195204,-0.05622464156597762,-0.05221643069600712,0.19402985074626866,2.3961804852927315,0.07543952903906052,True,wf1_train_rs_80_bre1.4_sto0.08_max12,
wf1_train,2022-01-03,2022-12-30,80,1.4,0.1,4,41,-1.1689342369961198,-0.09047246698757039,-0.10594952988573658,-0.08946831379037579,0.24390243902439024,2.2939664038628735,0.1687988490725342,True,wf1_train_rs_80_bre1.4_sto0.1_max4,
wf1_train,2022-01-03,2022-12-30,80,1.4,0.1,6,50,-1.3908946744619461,-0.09945932302345784,-0.10369432671807999,-0.09836091923968504,0.2,2.405329337049022,0.15066135227725322,True,wf1_train_rs_80_bre1.4_sto0.1_max6,
wf1_train,2022-01-03,2022-12-30,80,1.4,0.1,8,57,-1.36249058679363,-0.07708894136685907,-0.08210118032998315,-0.07622704117960766,0.21052631578947367,2.266335513461058,0.12275083796550691,True,wf1_train_rs_80_bre1.4_sto0.1_max8,
wf1_train,2022-01-03,2022-12-30,80,1.4,0.1,12,62,-1.5346103822982797,-0.06472045080666111,-0.06880133128306698,-0.06399200202658073,0.1935483870967742,2.2512228902660043,0.09454769562210838,True,wf1_train_rs_80_bre1.4_sto0.1_max12,
wf1_train,2022-01-03,2022-12-30,80,1.6,0.06,4,39,-1.276459366900273,-0.08860216808401389,-0.10635351432325812,-0.0876177587034156,0.1794871794871795,3.035893647517938,0.13603038795242856,True,wf1_train_rs_80_bre1.6_sto0.06_max4,
wf1_train,2022-01-03,2022-12-30,80,1.6,0.06,6,49,-1.442996679570722,-0.07950505202764435,-0.08635367628272517,-0.07861730487220076,0.1836734693877551,2.80140539559767,0.11571939910538957,True,wf1_train_rs_80_bre1.6_sto0.06_max6,
wf1_train,2022-01-03,2022-12-30,80,1.6,0.06,8,53,-1.3941671192025902,-0.061585033860019456,-0.0677735569568445,-0.060890715165793696,0.18867924528301888,2.709058822052523,0.08816371120597953,True,wf1_train_rs_80_bre1.6_sto0.06_max8,
wf1_train,2022-01-03,2022-12-30,80,1.6,0.06,12,53,-1.3989335912556493,-0.04137215235775926,-0.04552940204423006,-0.040900734207393596,0.18867924528301888,2.6998275328456804,0.05866454582368711,True,wf1_train_rs_80_bre1.6_sto0.06_max12,
wf1_train,2022-01-03,2022-12-30,80,1.6,0.08,4,39,-1.496567096522884,-0.10061611959364358,-0.11582080739593015,-0.0995056585843841,0.1794871794871795,2.835894544860758,0.1370720986366217,True,wf1_train_rs_80_bre1.6_sto0.08_max4,
wf1_train,2022-01-03,2022-12-30,80,1.6,0.08,6,49,-1.5612380513324402,-0.08633616851932935,-0.09157480859606659,-0.08537573936158327,0.1836734693877551,2.669756760495811,0.11608319337429195,True,wf1_train_rs_80_bre1.6_sto0.08_max6,
wf1_train,2022-01-03,2022-12-30,80,1.6,0.08,8,53,-1.5050548452298695,-0.06676786961276904,-0.07168226447825576,-0.06601719924467875,0.18867924528301888,2.5899132859471723,0.0884797625631383,True,wf1_train_rs_80_bre1.6_sto0.08_max8,
wf1_train,2022-01-03,2022-12-30,80,1.6,0.08,12,53,-1.509455814173442,-0.044834942631167385,-0.04815018909261948,-0.04432498702659349,0.18867924528301888,2.581249444217213,0.05879706174005225,True,wf1_train_rs_80_bre1.6_sto0.08_max12,
wf1_train,2022-01-03,2022-12-30,80,1.6,0.1,4,38,-1.6983496722240794,-0.11537248210118634,-0.12920690874380814,-0.11410972726994073,0.18421052631578946,2.5833882889898225,0.14157500594698497,True,wf1_train_rs_80_bre1.6_sto0.1_max4,
wf1_train,2022-01-03,2022-12-30,80,1.6,0.1,6,49,-1.7266460284542464,-0.09594592954127212,-0.10040410813894929,-0.09488425046691307,0.1836734693877551,2.513403262329415,0.11774530773484054,True,wf1_train_rs_80_bre1.6_sto0.1_max6,
wf1_train,2022-01-03,2022-12-30,80,1.6,0.1,8,53,-1.6659991889726624,-0.07433706095418002,-0.07865398142936442,-0.07350468839966462,0.18867924528301888,2.4474413751052033,0.08989206126946223,True,wf1_train_rs_80_bre1.6_sto0.1_max8,
wf1_train,2022-01-03,2022-12-30,80,1.6,0.1,12,53,-1.6715349836579725,-0.05003686805183327,-0.052962449216377605,-0.04946929178728099,0.18867924528301888,2.439570813453075,0.05970528275395968,True,wf1_train_rs_80_bre1.6_sto0.1_max12,
wf1_train,2022-01-03,2022-12-30,90,1.2,0.06,4,52,-0.29572772423530735,-0.02921814152533364,-0.06146689637106273,-0.028883121215942387,0.2692307692307692,2.5728713867588024,0.19143346518602114,True,wf1_train_rs_90_bre1.2_sto0.06_max4,
wf1_train,2022-01-03,2022-12-30,90,1.2,0.06,6,65,-0.8677436834501946,-0.05605533984934663,-0.06140202689461949,-0.055421507338179965,0.23076923076923078,2.5422363049590295,0.14233563341139763,True,wf1_train_rs_90_bre1.2_sto0.06_max6,
wf1_train,2022-01-03,2022-12-30,90,1.2,0.06,8,68,-0.9731991243432854,-0.04974563570604584,-0.05365891679163859,-0.04918127671719352,0.23529411764705882,2.3675477120168975,0.1164881347844059,True,wf1_train_rs_90_bre1.2_sto0.06_max8,
wf1_train,2022-01-03,2022-12-30,90,1.2,0.06,12,72,-1.1526440399620463,-0.042250695373782565,-0.04475761395409661,-0.041769486256497235,0.2222222222222222,2.3652667261138602,0.08374314462742277,True,wf1_train_rs_90_bre1.2_sto0.06_max12,
wf1_train,2022-01-03,2022-12-30,90,1.2,0.08,4,37,0.30309300237691716,0.02994642808912329,-0.10792804415090984,0.02959287002723321,0.2972972972972973,2.7222758391307247,0.23358854634934717,True,wf1_train_rs_90_bre1.2_sto0.08_max4,
wf1_train,2022-01-03,2022-12-30,90,1.2,0.08,6,51,-0.3563344233890877,-0.026700286890348868,-0.05919498860527006,-0.02639374272114592,0.2549019607843137,2.587421632430824,0.15349590268133703,True,wf1_train_rs_90_bre1.2_sto0.08_max6,
wf1_train,2022-01-03,2022-12-30,90,1.2,0.08,8,54,-0.7356346117337876,-0.03998095918577327,-0.0586822962575565,-0.03952506420453605,0.2222222222222222,2.5202077041566087,0.12111701126107988,True,wf1_train_rs_90_bre1.2_sto0.08_max8,
wf1_train,2022-01-03,2022-12-30,90,1.2,0.08,12,57,-0.8495284660120933,-0.032497770940075554,-0.04577574124541395,-0.03212577175067477,0.21052631578947367,2.5507183013434322,0.08639398733007955,True,wf1_train_rs_90_bre1.2_sto0.08_max12,
wf1_train,2022-01-03,2022-12-30,90,1.2,0.1,4,36,-0.06100212920913518,-0.018305635493492844,-0.1535024236389696,-0.018094572462649228,0.2777777777777778,2.816599715154796,0.24631764817300844,True,wf1_train_rs_90_bre1.2_sto0.1_max4,
wf1_train,2022-01-03,2022-12-30,90,1.2,0.1,6,49,-0.1777684260861047,-0.020416766105843087,-0.08861407607639982,-0.02018161298190635,0.22448979591836735,2.6711896128319443,0.17990853329098805,True,wf1_train_rs_90_bre1.2_sto0.1_max6,
wf1_train,2022-01-03,2022-12-30,90,1.2,0.1,8,53,-0.4770966525035152,-0.03527062561012051,-0.08153532461076018,-0.03486746135615959,0.20754716981132076,2.537784177963916,0.14102275492192187,True,wf1_train_rs_90_bre1.2_sto0.1_max8,
wf1_train,2022-01-03,2022-12-30,90,1.2,0.1,12,56,-0.5776319612995628,-0.028947030794469142,-0.06137840324574495,-0.028615073056028395,0.19642857142857142,2.5731800430187803,0.09994761976724102,True,wf1_train_rs_90_bre1.2_sto0.1_max12,
wf1_train,2022-01-03,2022-12-30,90,1.4,0.06,4,39,-0.49749575712776256,-0.035916114052427006,-0.05931257189553163,-0.03550570807999964,0.2564102564102564,2.732444958725976,0.13792059494639708,True,wf1_train_rs_90_bre1.4_sto0.06_max4,
wf1_train,2022-01-03,2022-12-30,90,1.4,0.06,6,51,-1.2569525533402213,-0.06985937844421086,-0.07611283242478861,-0.06907525249973245,0.21568627450980393,2.6188889789351397,0.11054551936328491,True,wf1_train_rs_90_bre1.4_sto0.06_max6,
wf1_train,2022-01-03,2022-12-30,90,1.4,0.06,8,54,-1.3680572316325352,-0.0588137740717527,-0.06658516879043297,-0.058149721878051897,0.2037037037037037,2.5990692090210956,0.09036717591956714,True,wf1_train_rs_90_bre1.4_sto0.06_max8,
wf1_train,2022-01-03,2022-12-30,90,1.4,0.06,12,55,-1.3791750239453426,-0.0416507915081038,-0.04684266340931342,-0.041176267046109105,0.2,2.592562591010836,0.062394993421203915,True,wf1_train_rs_90_bre1.4_sto0.06_max12,
wf1_train,2022-01-03,2022-12-30,90,1.4,0.08,4,42,-0.9575163566745427,-0.06726713841882637,-0.08453236629841421,-0.0665110570906351,0.23809523809523808,2.5336842099766064,0.13878465338705007,True,wf1_train_rs_90_bre1.4_sto0.08_max4,
wf1_train,2022-01-03,2022-12-30,90,1.4,0.08,6,51,-1.372590013622656,-0.07735779605327164,-0.0834663000533784,-0.07649301611974513,0.21568627450980393,2.4819230703398953,0.11172528108377973,True,wf1_train_rs_90_bre1.4_sto0.08_max6,
wf1_train,2022-01-03,2022-12-30,90,1.4,0.08,8,54,-1.473379727078122,-0.06425717866039216,-0.07191125579667512,-0.06353376514903519,0.2037037037037037,2.4720166865959743,0.0913311001086745,True,wf1_train_rs_90_bre1.4_sto0.08_max8,
wf1_train,2022-01-03,2022-12-30,90,1.4,0.08,12,55,-1.4783541744236872,-0.04521929053802454,-0.05040460290915705,-0.044705066415517636,0.2,2.4686754134418742,0.06301051112612485,True,wf1_train_rs_90_bre1.4_sto0.08_max12,
wf1_train,2022-01-03,2022-12-30,90,1.4,0.1,4,35,-0.12779583800559588,-0.020313085595157432,-0.11658693604075998,-0.020079114347504756,0.2857142857142857,2.4722352323533783,0.19655371805867428,True,wf1_train_rs_90_bre1.4_sto0.1_max4,
wf1_train,2022-01-03,2022-12-30,90,1.4,0.1,6,43,-0.48278378021634155,-0.04553615445000614,-0.09634439535822115,-0.04501841261688477,0.23255813953488372,2.3926159857704166,0.15490561248094922,True,wf1_train_rs_90_bre1.4_sto0.1_max6,
wf1_train,2022-01-03,2022-12-30,90,1.4,0.1,8,49,-0.7059041949865348,-0.0486831863735373,-0.08713711536190172,-0.048130573084932404,0.22448979591836735,2.3047826894125003,0.1265939747849476,True,wf1_train_rs_90_bre1.4_sto0.1_max8,
wf1_train,2022-01-03,2022-12-30,90,1.4,0.1,12,50,-0.7416625570747148,-0.034626969422531406,-0.06104474922974068,-0.034231031278879276,0.22,2.3073541195291845,0.08666129422160103,True,wf1_train_rs_90_bre1.4_sto0.1_max12,
wf1_train,2022-01-03,2022-12-30,90,1.6,0.06,4,34,-0.21044748786856296,-0.021586155301521415,-0.1013590813878471,-0.021337680804583647,0.23529411764705882,2.8470370023384155,0.14982793779735823,True,wf1_train_rs_90_bre1.6_sto0.06_max4,
wf1_train,2022-01-03,2022-12-30,90,1.6,0.06,6,42,-0.7873148243836092,-0.05382867428831928,-0.08839261465859893,-0.05321930341157921,0.19047619047619047,2.873584810574373,0.11233028828083601,True,wf1_train_rs_90_bre1.6_sto0.06_max6,
wf1_train,2022-01-03,2022-12-30,90,1.6,0.06,8,43,-0.8303242897452345,-0.04225390202120416,-0.06809164751090335,-0.04177265718425416,0.18604651162790697,2.8720422841649533,0.0849423788515289,True,wf1_train_rs_90_bre1.6_sto0.06_max8,
wf1_train,2022-01-03,2022-12-30,90,1.6,0.06,12,43,-0.8344517642304287,-0.02829583917253986,-0.045920520667274256,-0.02797124110204885,0.18604651162790697,2.862912806761755,0.05661916210134594,True,wf1_train_rs_90_bre1.6_sto0.06_max12,
wf1_train,2022-01-03,2022-12-30,90,1.6,0.08,4,34,-0.38543595422204757,-0.03708064546519929,-0.10273913138538071,-0.03665718722404898,0.23529411764705882,2.6085435116072735,0.15164578502034506,True,wf1_train_rs_90_bre1.6_sto0.08_max4,
wf1_train,2022-01-03,2022-12-30,90,1.6,0.08,6,41,-0.9080212508876465,-0.061905525128476246,-0.09177257004891481,-0.06120771223813082,0.1951219512195122,2.64355134915495,0.11486632951638237,True,wf1_train_rs_90_bre1.6_sto0.08_max6,
wf1_train,2022-01-03,2022-12-30,90,1.6,0.08,8,42,-0.951374717901104,-0.04837337359642824,-0.07064467531727825,-0.047824187954190855,0.19047619047619047,2.648491840932151,0.08679492299098432,True,wf1_train_rs_90_bre1.6_sto0.08_max8,
wf1_train,2022-01-03,2022-12-30,90,1.6,0.08,12,42,-0.957633323743163,-0.03249748039582545,-0.047770481610980964,-0.03212548447674635,0.19047619047619047,2.640556368233747,0.05782264710281171,True,wf1_train_rs_90_bre1.6_sto0.08_max12,
wf1_train,2022-01-03,2022-12-30,90,1.6,0.1,4,34,-0.527395549352966,-0.0498016327581392,-0.10305022305565847,-0.04923665508393682,0.23529411764705882,2.4457663958885743,0.1550206274084954,True,wf1_train_rs_90_bre1.6_sto0.1_max4,
wf1_train,2022-01-03,2022-12-30,90,1.6,0.1,6,41,-1.0700447058808844,-0.07341311615269386,-0.09854882322972303,-0.07259067864178304,0.1951219512195122,2.4886362811207396,0.11766879421583301,True,wf1_train_rs_90_bre1.6_sto0.1_max6,
wf1_train,2022-01-03,2022-12-30,90,1.6,0.1,8,42,-1.1157596162047787,-0.05723354794118962,-0.07591659006133888,-0.0565867963526685,0.19047619047619047,2.497390101014377,0.08887249055955956,True,wf1_train_rs_90_bre1.6_sto0.1_max8,
wf1_train,2022-01-03,2022-12-30,90,1.6,0.1,12,42,-1.1165400606020996,-0.038313170345227854,-0.051126762726521946,-0.03787591540393087,0.19047619047619047,2.490327479572173,0.05923880950605495,True,wf1_train_rs_90_bre1.6_sto0.1_max12,
wf1_test,2023-01-03,2023-06-30,70,1.2,0.1,4,11,0.8816436292022661,0.07918177963861273,-0.06966843621970253,0.03783482548983197,0.2727272727272727,0.6470250799543861,0.30655598043738164,True,wf1_test_rs_70_bre1.2_sto0.1_max4,
wf2_train,2022-01-03,2023-06-30,70,1.2,0.06,4,71,-0.006422151571282069,-0.004129445328071135,-0.0830721964404042,-0.006132879285734361,0.28169014084507044,2.222640434765404,0.2535890680991033,True,wf2_train_rs_70_bre1.2_sto0.06_max4,
wf2_train,2022-01-03,2023-06-30,70,1.2,0.06,6,98,-0.3204639311106674,-0.02439904212823185,-0.1038847779417511,-0.03605665128762858,0.2755102040816326,1.8604428493967056,0.2116232759593434,True,wf2_train_rs_70_bre1.2_sto0.06_max6,
wf2_train,2022-01-03,2023-06-30,70,1.2,0.06,8,114,-0.5429971608576923,-0.03484358558482126,-0.10942398713461943,-0.05135848444550939,0.2631578947368421,1.9114968770500387,0.18169950089893386,True,wf2_train_rs_70_bre1.2_sto0.06_max8,
wf2_train,2022-01-03,2023-06-30,70,1.2,0.06,12,122,-0.5712003771845817,-0.026212404356892982,-0.07958548760622008,-0.03871907355079662,0.26229508196721313,1.8808964972220195,0.1305834305992202,True,wf2_train_rs_70_bre1.2_sto0.06_max12,
wf2_train,2022-01-03,2023-06-30,70,1.2,0.08,4,59,0.5132197674804184,0.05191377437760614,-0.11303914635857526,0.0781441819440325,0.3220338983050847,2.2772748556149187,0.27795091642790565,True,wf2_train_rs_70_bre1.2_sto0.08_max4,
wf2_train,2022-01-03,2023-06-30,70,1.2,0.08,6,80,0.1670521992224609,0.009820039362516741,-0.08205287512521442,0.014633816289262747,0.2875,2.1561282469954324,0.21593875950104632,True,wf2_train_rs_70_bre1.2_sto0.08_max6,
wf2_train,2022-01-03,2023-06-30,70,1.2,0.08,8,95,-0.08915826495233435,-0.00854345825603764,-0.10449244637415989,-0.01267471513044005,0.25263157894736843,2.204435056530017,0.18867298672751148,True,wf2_train_rs_70_bre1.2_sto0.08_max8,
wf2_train,2022-01-03,2023-06-30,70,1.2,0.08,12,116,-0.4131941020677593,-0.020901803471743308,-0.08012754155207324,-0.03091511878219322,0.27586206896551724,1.835760309811568,0.13819132799736086,True,wf2_train_rs_70_bre1.2_sto0.08_max12,
wf2_train,2022-01-03,2023-06-30,70,1.2,0.1,4,55,0.6455228634916825,0.06992125720141895,-0.0836917707613749,0.10569657646458475,0.34545454545454546,2.2445329022193454,0.31639656420011336,True,wf2_train_rs_70_bre1.2_sto0.1_max4,
wf2_train,2022-01-03,2023-06-30,70,1.2,0.1,6,79,0.12267490077507712,0.006441068476230161,-0.08216138804378992,0.009590624850793539,0.2911392405063291,2.091327103704847,0.21589387305204452,True,wf2_train_rs_70_bre1.2_sto0.1_max6,
wf2_train,2022-01-03,2023-06-30,70,1.2,0.1,8,94,-0.1702175096336859,-0.01465923528243851,-0.11097297019260677,-0.02171526379616695,0.24468085106382978,2.2098154375994796,0.19262215157065316,True,wf2_train_rs_70_bre1.2_sto0.1_max8,
wf2_train,2022-01-03,2023-06-30,70,1.2,0.1,12,115,-0.4859330024587047,-0.024754719832171812,-0.08450384519873289,-0.036579055907870694,0.26956521739130435,1.8309637897660538,0.1404219461394429,True,wf2_train_rs_70_bre1.2_sto0.1_max12,
wf2_train,2022-01-03,2023-06-30,70,1.4,0.06,4,54,-0.14073871439164448,-0.012352814716147464,-0.08834375058491017,-0.018309032597038755,0.25925925925925924,2.3797426411438756,0.1909367309024475,True,wf2_train_rs_70_bre1.4_sto0.06_max4,
wf2_train,2022-01-03,2023-06-30,70,1.4,0.06,6,71,-0.5482181854067839,-0.03185695958188606,-0.10856092159253183,-0.046991098387231145,0.22535211267605634,2.298340530650859,0.15382679947306768,True,wf2_train_rs_70_bre1.4_sto0.06_max6,
wf2_train,2022-01-03,2023-06-30,70,1.4,0.06,8,91,-0.8564983588649273,-0.04280607330192332,-0.11469970428828946,-0.06296999915547041,0.21978021978021978,1.977331312937607,0.1273813916968761,True,wf2_train_rs_70_bre1.4_sto0.06_max8,
wf2_train,2022-01-03,2023-06-30,70,1.4,0.06,12,95,-0.8901668789270369,-0.031022818727609924,-0.08122995379611009,-0.04577014958686165,0.22105263157894736,1.938817081324344,0.08825232498828897,True,wf2_train_rs_70_bre1.4_sto0.06_max12,
wf2_train,2022-01-03,2023-06-30,70,1.4,0.08,4,53,-0.2451894302392741,-0.019790520240679288,-0.09663524716519178,-0.029279470823550757,0.2641509433962264,2.232515403899709,0.19242349386315918,True,wf2_train_rs_70_bre1.4_sto0.08_max4,
wf2_train,2022-01-03,2023-06-30,70,1.4,0.08,6,70,-0.6340755309125853,-0.03731747231624161,-0.11469021907020971,-0.05497110851757081,0.22857142857142856,2.206323863574583,0.1575743074319023,True,wf2_train_rs_70_bre1.4_sto0.08_max6,
wf2_train,2022-01-03,2023-06-30,70,1.4,0.08,8,91,-0.9941879619833383,-0.04895822118631199,-0.12200524882785324,-0.07190942130869171,0.21978021978021978,1.9168629590583302,0.12663960024303533,True,wf2_train_rs_70_bre1.4_sto0.08_max8,
wf2_train,2022-01-03,2023-06-30,70,1.4,0.08,12,95,-0.9770459067036903,-0.03422003669303386,-0.08508306310721447,-0.05044720242477463,0.22105263157894736,1.8819923341220353,0.08895227338872144,True,wf2_train_rs_70_bre1.4_sto0.08_max12,
wf2_train,2022-01-03,2023-06-30,70,1.4,0.1,4,51,0.034376668510622106,-0.0009882954172989455,-0.1264010215399206,-0.0014688989413897957,0.27450980392156865,2.187057832866097,0.27167083162331285,True,wf2_train_rs_70_bre1.4_sto0.1_max4,
wf2_train,2022-01-03,2023-06-30,70,1.4,0.1,6,68,-0.653877136661324,-0.0418213170461017,-0.12119710125134786,-0.06153648957284996,0.23529411764705882,2.1431309244008547,0.19282559736112245,True,wf2_train_rs_70_bre1.4_sto0.1_max6,
wf2_train,2022-01-03,2023-06-30,70,1.4,0.1,8,77,-0.44249274451386333,-0.025996453760256277,-0.08943038116751711,-0.038402136119467634,0.23376623376623376,2.1354596237857115,0.16758141856677106,True,wf2_train_rs_70_bre1.4_sto0.1_max8,
wf2_train,2022-01-03,2023-06-30,70,1.4,0.1,12,86,-0.632030073078067,-0.027593479651961905,-0.07559648417546827,-0.04074518398094806,0.23255813953488372,2.067717735959091,0.12419685162358367,True,wf2_train_rs_70_bre1.4_sto0.1_max12,
wf2_train,2022-01-03,2023-06-30,70,1.6,0.06,4,45,-0.5219253396316988,-0.034037856186924675,-0.09849853696903754,-0.05018090168745959,0.2222222222222222,2.673230387489491,0.1521386501887518,True,wf2_train_rs_70_bre1.6_sto0.06_max4,
wf2_train,2022-01-03,2023-06-30,70,1.6,0.06,6,59,-0.6682747843699116,-0.03533175652350928,-0.10363102645984157,-0.05207171919520781,0.2033898305084746,2.5322038439788654,0.12787578523958287,True,wf2_train_rs_70_bre1.6_sto0.06_max6,
wf2_train,2022-01-03,2023-06-30,70,1.6,0.06,8,69,-0.29379138919700254,-0.013769058200464146,-0.07401723032506335,-0.020401067360388603,0.2318840579710145,2.4127699557737143,0.11079787646360692,True,wf2_train_rs_70_bre1.6_sto0.06_max8,
wf2_train,2022-01-03,2023-06-30,70,1.6,0.06,12,70,-0.3481509948512541,-0.010599119922451439,-0.05188753619441522,-0.01571650060066676,0.22857142857142856,2.402999196082964,0.0739475446385128,True,wf2_train_rs_70_bre1.6_sto0.06_max12,
wf2_train,2022-01-03,2023-06-30,70,1.6,0.08,4,47,-0.7922235232721443,-0.05034102878392133,-0.11801442099212223,-0.0739148554937491,0.2127659574468085,2.529991282798655,0.15204522688358854,True,wf2_train_rs_70_bre1.6_sto0.08_max4,
wf2_train,2022-01-03,2023-06-30,70,1.6,0.08,6,59,-0.7913791805035146,-0.04092329128951733,-0.11013093106959948,-0.06022860836926058,0.2033898305084746,2.3933251435156753,0.12847632385549843,True,wf2_train_rs_70_bre1.6_sto0.08_max6,
wf2_train,2022-01-03,2023-06-30,70,1.6,0.08,8,69,-0.3983051704845964,-0.018462082354923193,-0.07927396332436198,-0.027323018205643645,0.2318840579710145,2.305648751442352,0.11155442129514269,True,wf2_train_rs_70_bre1.6_sto0.08_max8,
wf2_train,2022-01-03,2023-06-30,70,1.6,0.08,12,70,-0.46128356676358157,-0.013686234070029557,-0.055505859756198594,-0.02027876212614199,0.22857142857142856,2.2973728269211997,0.07285487467167887,True,wf2_train_rs_70_bre1.6_sto0.08_max12,
wf2_train,2022-01-03,2023-06-30,70,1.6,0.1,4,46,-0.9977844573805827,-0.0638766891560375,-0.13452585982604415,-0.09346994292406596,0.21739130434782608,2.308240935563552,0.15652755628105683,True,wf2_train_rs_70_bre1.6_sto0.1_max4,
wf2_train,2022-01-03,2023-06-30,70,1.6,0.1,6,59,-1.0031236611781222,-0.05179998277461151,-0.12331107156262067,-0.0760291818440132,0.2033898305084746,2.2388061609508942,0.13107945670074417,True,wf2_train_rs_70_bre1.6_sto0.1_max6,
wf2_train,2022-01-03,2023-06-30,70,1.6,0.1,8,69,-0.5247007315316066,-0.02413507957487271,-0.08609700121803943,-0.03566889414326846,0.2318840579710145,2.193702517439303,0.11263592042032508,True,wf2_train_rs_70_bre1.6_sto0.1_max8,
wf2_train,2022-01-03,2023-06-30,70,1.6,0.1,12,70,-0.5961194295271802,-0.017644709973547612,-0.06024727438935207,-0.02611859503898062,0.22857142857142856,2.1880102379672026,0.07352387506446893,True,wf2_train_rs_70_bre1.6_sto0.1_max12,
wf2_train,2022-01-03,2023-06-30,80,1.2,0.06,4,80,-0.8064074190949787,-0.06629534255183422,-0.16371644384276474,-0.09694978191864623,0.25,2.0093638195710186,0.2086873806831546,True,wf2_train_rs_80_bre1.2_sto0.06_max4,
wf2_train,2022-01-03,2023-06-30,80,1.2,0.06,6,96,-0.45677961165359593,-0.03308204011732996,-0.10902617967841799,-0.04878334555889685,0.2604166666666667,1.9805981282499079,0.18337937136524737,True,wf2_train_rs_80_bre1.2_sto0.06_max6,
wf2_train,2022-01-03,2023-06-30,80,1.2,0.06,8,107,-0.7011402891829462,-0.03969649659615282,-0.10961191139227999,-0.05844094602251049,0.2523364485981308,1.9734688472466446,0.15506383155728956,True,wf2_train_rs_80_bre1.2_sto0.06_max8,
wf2_train,2022-01-03,2023-06-30,80,1.2,0.06,12,112,-0.7334397232333144,-0.02972905072493648,-0.0786396864336345,-0.04387542321132554,0.25,1.956839962407572,0.10939802017829976,True,wf2_train_rs_80_bre1.2_sto0.06_max12,
wf2_train,2022-01-03,2023-06-30,80,1.2,0.08,4,63,-0.34488435567763465,-0.030468797896251454,-0.1194235129032285,-0.04495893536006157,0.25396825396825395,2.3637830848144556,0.2070383141732858,True,wf2_train_rs_80_bre1.2_sto0.08_max4,
wf2_train,2022-01-03,2023-06-30,80,1.2,0.08,6,76,0.019022100562142617,-0.001129693651777397,-0.08082836065194521,-0.0016790006836934213,0.27631578947368424,2.219506279750069,0.18906634308629328,True,wf2_train_rs_80_bre1.2_sto0.08_max6,
wf2_train,2022-01-03,2023-06-30,80,1.2,0.08,8,92,-0.43471094192883114,-0.02612175875410372,-0.09533298775779642,-0.0385860427301945,0.2391304347826087,2.285541354048207,0.15698852478931954,True,wf2_train_rs_80_bre1.2_sto0.08_max8,
wf2_train,2022-01-03,2023-06-30,80,1.2,0.08,12,99,-0.5429989623629593,-0.02300088988269411,-0.07275720891843207,-0.034002205222411486,0.24242424242424243,2.2174779678840757,0.11256366510048288,True,wf2_train_rs_80_bre1.2_sto0.08_max12,
wf2_train,2022-01-03,2023-06-30,80,1.2,0.1,4,55,-0.06882743373182196,-0.016051331754771025,-0.19304246140666692,-0.023769301466994852,0.2909090909090909,2.2999341347644506,0.2516885119305575,True,wf2_train_rs_80_bre1.2_sto0.1_max4,
wf2_train,2022-01-03,2023-06-30,80,1.2,0.1,6,74,-0.09104752659511223,-0.009341615599835151,-0.0883915616479658,-0.013856122302495222,0.2702702702702703,2.16739337691356,0.19413496273865133,True,wf2_train_rs_80_bre1.2_sto0.1_max6,
wf2_train,2022-01-03,2023-06-30,80,1.2,0.1,8,89,-0.5557895850997208,-0.033965087018963724,-0.10384477731469932,-0.05007452517055544,0.23595505617977527,2.215324655178694,0.16177857884733043,True,wf2_train_rs_80_bre1.2_sto0.1_max8,
wf2_train,2022-01-03,2023-06-30,80,1.2,0.1,12,95,-0.6641866172523612,-0.02825761065615795,-0.07803142274852448,-0.041719000860328204,0.23157894736842105,2.16373947041094,0.11433826672619106,True,wf2_train_rs_80_bre1.2_sto0.1_max12,
wf2_train,2022-01-03,2023-06-30,80,1.4,0.06,4,57,-0.2939050543020003,-0.022597341019388484,-0.10463701290947436,-0.033408963968705074,0.24561403508771928,2.416957704816317,0.16437459062219778,True,wf2_train_rs_80_bre1.4_sto0.06_max4,
wf2_train,2022-01-03,2023-06-30,80,1.4,0.06,6,75,-0.8118653981237323,-0.04656837704134198,-0.12469050274044613,-0.06844017363554322,0.21333333333333335,2.341396651920249,0.13614563555996884,True,wf2_train_rs_80_bre1.4_sto0.06_max6,
wf2_train,2022-01-03,2023-06-30,80,1.4,0.06,8,83,-0.6188717912441436,-0.02858354261966256,-0.08779850003465484,-0.04219679722268832,0.2289156626506024,2.2756761577914295,0.11233389903780519,True,wf2_train_rs_80_bre1.4_sto0.06_max8,
wf2_train,2022-01-03,2023-06-30,80,1.4,0.06,12,85,-0.6388580732931355,-0.02094149908955556,-0.061910481707332154,-0.030973528277495332,0.2235294117647059,2.269599597511028,0.07848733411107015,True,wf2_train_rs_80_bre1.4_sto0.06_max12,
wf2_train,2022-01-03,2023-06-30,80,1.4,0.08,4,57,-0.4323606540856181,-0.03160720655002125,-0.1170493082799311,-0.04662558350650914,0.24561403508771928,2.2882593162682068,0.1651793366071394,True,wf2_train_rs_80_bre1.4_sto0.08_max4,
wf2_train,2022-01-03,2023-06-30,80,1.4,0.08,6,75,-0.9170462670317123,-0.05260295661068182,-0.132409620283239,-0.07719218202794587,0.21333333333333335,2.2434392418433746,0.1362000587715707,True,wf2_train_rs_80_bre1.4_sto0.08_max6,
wf2_train,2022-01-03,2023-06-30,80,1.4,0.08,8,83,-0.7160393089027549,-0.03306732898348952,-0.09379332191534295,-0.04876183027019887,0.2289156626506024,2.1886141097809833,0.11253555691354808,True,wf2_train_rs_80_bre1.4_sto0.08_max8,
wf2_train,2022-01-03,2023-06-30,80,1.4,0.08,12,85,-0.7302273237428799,-0.023958301209929367,-0.06613196850222447,-0.03540918076050559,0.2235294117647059,2.185446741400918,0.0787041917626642,True,wf2_train_rs_80_bre1.4_sto0.08_max12,
wf2_train,2022-01-03,2023-06-30,80,1.4,0.1,4,53,-0.5129247007799239,-0.0377371538975515,-0.12535912968343899,-0.055583522976784705,0.2641509433962264,2.087359278814952,0.1697475603174639,True,wf2_train_rs_80_bre1.4_sto0.1_max4,
wf2_train,2022-01-03,2023-06-30,80,1.4,0.1,6,67,-0.7476093843097783,-0.05008233872412149,-0.12884538104333076,-0.07353979495546792,0.22388059701492538,2.1637788736927046,0.15115194639123722,True,wf2_train_rs_80_bre1.4_sto0.1_max6,
wf2_train,2022-01-03,2023-06-30,80,1.4,0.1,8,75,-0.6606996821748868,-0.03498000243756627,-0.09640220141789502,-0.051557811899379025,0.24,2.078156755252794,0.12439826933885126,True,wf2_train_rs_80_bre1.4_sto0.1_max8,
wf2_train,2022-01-03,2023-06-30,80,1.4,0.1,12,80,-0.8410694389404099,-0.03212086986544971,-0.0784599125653056,-0.04737728262049279,0.225,2.06404087073097,0.09136180443064844,True,wf2_train_rs_80_bre1.4_sto0.1_max12,
wf2_train,2022-01-03,2023-06-30,80,1.6,0.06,4,47,-0.5426236767214847,-0.03602846250564129,-0.11593531029365967,-0.05308932671020039,0.2127659574468085,2.69572070515762,0.13106507388718597,True,wf2_train_rs_80_bre1.6_sto0.06_max4,
wf2_train,2022-01-03,2023-06-30,80,1.6,0.06,6,59,-0.47338335667391784,-0.025777553400414877,-0.09817137665171183,-0.03808083459917344,0.22033898305084745,2.526529381954165,0.11971574327185508,True,wf2_train_rs_80_bre1.6_sto0.06_max6,
wf2_train,2022-01-03,2023-06-30,80,1.6,0.06,8,64,-0.34828748869702925,-0.0150384668181901,-0.07167324037382028,-0.0222749597928511,0.234375,2.455075050079749,0.0947078080375801,True,wf2_train_rs_80_bre1.6_sto0.06_max8,
wf2_train,2022-01-03,2023-06-30,80,1.6,0.06,12,64,-0.3502075676684713,-0.009905223028677135,-0.04821052328961328,-0.014690077166605642,0.234375,2.445699154403304,0.06292609268249767,True,wf2_train_rs_80_bre1.6_sto0.06_max12,
wf2_train,2022-01-03,2023-06-30,80,1.6,0.08,4,47,-0.6941794585506279,-0.04457306602573219,-0.12537282393061677,-0.06554041117890674,0.2127659574468085,2.5410855246540542,0.13177425895506456,True,wf2_train_rs_80_bre1.6_sto0.08_max4,
wf2_train,2022-01-03,2023-06-30,80,1.6,0.08,6,59,-0.5580226720546377,-0.030300805135330733,-0.10306755066827211,-0.04471291064493155,0.22033898305084745,2.422513941285362,0.11997003410623923,True,wf2_train_rs_80_bre1.6_sto0.08_max6,
wf2_train,2022-01-03,2023-06-30,80,1.6,0.08,8,64,-0.43024021083624014,-0.018498485659162456,-0.07559601249544678,-0.027376648236645984,0.234375,2.359745861136845,0.09510498150083704,True,wf2_train_rs_80_bre1.6_sto0.08_max8,
wf2_train,2022-01-03,2023-06-30,80,1.6,0.08,12,64,-0.43262843147189955,-0.012216512340469832,-0.0508338089115018,-0.018107613530725652,0.234375,2.3508953149200154,0.06309791391418289,True,wf2_train_rs_80_bre1.6_sto0.08_max12,
wf2_train,2022-01-03,2023-06-30,80,1.6,0.1,4,46,-0.8511751177540107,-0.05489739828687079,-0.13853193548309806,-0.08051272998935022,0.21739130434782608,2.34298837661335,0.13482217303965957,True,wf2_train_rs_80_bre1.6_sto0.1_max4,
wf2_train,2022-01-03,2023-06-30,80,1.6,0.1,6,59,-0.6896219225707559,-0.037339950759284535,-0.11188518029901584,-0.05500391316395137,0.22033898305084745,2.2973099596795308,0.12096962556026102,True,wf2_train_rs_80_bre1.6_sto0.1_max6,
wf2_train,2022-01-03,2023-06-30,80,1.6,0.1,8,64,-0.555778256173579,-0.02379425465030094,-0.08238376554787963,-0.03516815179094379,0.234375,2.244375264694055,0.09587448499508901,True,wf2_train_rs_80_bre1.6_sto0.1_max8,
wf2_train,2022-01-03,2023-06-30,80,1.6,0.1,12,64,-0.5609883875600825,-0.01585500067150658,-0.05561354073320446,-0.023479700658155078,0.234375,2.236247085351413,0.06379292775798512,True,wf2_train_rs_80_bre1.6_sto0.1_max12,
wf2_train,2022-01-03,2023-06-30,90,1.2,0.06,4,62,-0.22645462204767022,-0.019977589708319088,-0.06645522481190969,-0.029554873186673047,0.24193548387096775,2.590412896587752,0.16014059995196725,True,wf2_train_rs_90_bre1.2_sto0.06_max4,
wf2_train,2022-01-03,2023-06-30,90,1.2,0.06,6,76,-0.583331880803617,-0.03371134084228222,-0.0749808237347277,-0.049703559620988824,0.2236842105263158,2.5246631862638025,0.12539103740189494,True,wf2_train_rs_90_bre1.2_sto0.06_max6,
wf2_train,2022-01-03,2023-06-30,90,1.2,0.06,8,79,-0.6765450708880154,-0.03050656013815778,-0.06411351396465259,-0.04501423515416314,0.22784810126582278,2.370136478855472,0.10048473113180599,True,wf2_train_rs_90_bre1.2_sto0.06_max8,
wf2_train,2022-01-03,2023-06-30,90,1.2,0.06,12,83,-0.8235005808655455,-0.026270088347289833,-0.051735512068083134,-0.038803727013621225,0.21686746987951808,2.3637475419988103,0.07105415024873811,True,wf2_train_rs_90_bre1.2_sto0.06_max12,
wf2_train,2022-01-03,2023-06-30,90,1.2,0.08,4,47,0.23857225644822133,0.019406035361861473,-0.127082433734378,0.02898582112471071,0.2553191489361702,2.736253886959564,0.18851401547493515,True,wf2_train_rs_90_bre1.2_sto0.08_max4,
wf2_train,2022-01-03,2023-06-30,90,1.2,0.08,6,62,-0.20365963626646183,-0.013912120738158285,-0.07282485055298715,-0.020612314033917944,0.24193548387096775,2.5718789674672764,0.13294257577729476,True,wf2_train_rs_90_bre1.2_sto0.08_max6,
wf2_train,2022-01-03,2023-06-30,90,1.2,0.08,8,65,-0.4974178196692797,-0.023763201327292593,-0.06894547954892893,-0.035122523802947225,0.2153846153846154,2.504208925705854,0.1037364752084535,True,wf2_train_rs_90_bre1.2_sto0.08_max8,
wf2_train,2022-01-03,2023-06-30,90,1.2,0.08,12,68,-0.5957359251120435,-0.019758944951823176,-0.05271895007049043,-0.029232983380716226,0.20588235294117646,2.524187168216562,0.0728568786840907,True,wf2_train_rs_90_bre1.2_sto0.08_max12,
wf2_train,2022-01-03,2023-06-30,90,1.2,0.1,4,46,-0.049622020255222166,-0.012719443076177561,-0.17178549090938722,-0.018850745766080812,0.2391304347826087,2.819568394264176,0.19703866084786675,True,wf2_train_rs_90_bre1.2_sto0.1_max4,
wf2_train,2022-01-03,2023-06-30,90,1.2,0.1,6,60,-0.08455749453344619,-0.009553149373864755,-0.10177599461290865,-0.014169150254613738,0.21666666666666667,2.630783870783909,0.15063530557164032,True,wf2_train_rs_90_bre1.2_sto0.1_max6,
wf2_train,2022-01-03,2023-06-30,90,1.2,0.1,8,64,-0.32276278770479716,-0.02059684204444323,-0.09154966059942338,-0.03046634963046324,0.203125,2.514585924952142,0.11699982645162688,True,wf2_train_rs_90_bre1.2_sto0.1_max8,
wf2_train,2022-01-03,2023-06-30,90,1.2,0.1,12,67,-0.4063394149640931,-0.01734594954498614,-0.06825147734249182,-0.025678240679710918,0.19402985074626866,2.538174457878386,0.08191314896177684,True,wf2_train_rs_90_bre1.2_sto0.1_max12,
wf2_train,2022-01-03,2023-06-30,90,1.4,0.06,4,45,-0.5016933044412405,-0.030242700008588974,-0.07084619478128529,-0.044627811095014014,0.2222222222222222,2.751906521270977,0.106555715553826,True,wf2_train_rs_90_bre1.4_sto0.06_max4,
wf2_train,2022-01-03,2023-06-30,90,1.4,0.06,6,58,-0.8737594303954441,-0.04333241085432327,-0.09032024064543331,-0.06373589445716077,0.20689655172413793,2.5987843197419793,0.09836625795987872,True,wf2_train_rs_90_bre1.4_sto0.06_max6,
wf2_train,2022-01-03,2023-06-30,90,1.4,0.06,8,61,-0.9517289310796854,-0.035697225233845,-0.07287940046455843,-0.05260556675765515,0.19672131147540983,2.5777133449497307,0.07528779716749788,True,wf2_train_rs_90_bre1.4_sto0.06_max8,
wf2_train,2022-01-03,2023-06-30,90,1.4,0.06,12,62,-0.9682273901422104,-0.02526524390655327,-0.05114540980043203,-0.037328730392972354,0.1935483870967742,2.569804201674381,0.051563841630746274,True,wf2_train_rs_90_bre1.4_sto0.06_max12,
wf2_train,2022-01-03,2023-06-30,90,1.4,0.08,4,48,-0.8641968846727195,-0.05132842339174748,-0.09572436726918054,-0.07534596771555002,0.20833333333333334,2.5788697041816118,0.10709536330459582,True,wf2_train_rs_90_bre1.4_sto0.08_max4,
wf2_train,2022-01-03,2023-06-30,90,1.4,0.08,6,58,-0.9655931014955061,-0.048464352781856346,-0.09755627351541563,-0.07119283833632162,0.20689655172413793,2.4785640180930573,0.09914477612428933,True,wf2_train_rs_90_bre1.4_sto0.08_max6,
wf2_train,2022-01-03,2023-06-30,90,1.4,0.08,8,61,-1.03691370947379,-0.039413949298257034,-0.07818022094162613,-0.0580290658330922,0.19672131147540983,2.4654193527136794,0.0759864867745138,True,wf2_train_rs_90_bre1.4_sto0.08_max8,
wf2_train,2022-01-03,2023-06-30,90,1.4,0.08,12,62,-1.0460954111647356,-0.027633059639546542,-0.0546145299008014,-0.040803229284038345,0.1935483870967742,2.4601288810502866,0.05200149625009369,True,wf2_train_rs_90_bre1.4_sto0.08_max12,
wf2_train,2022-01-03,2023-06-30,90,1.4,0.1,4,41,-0.1729779953686171,-0.01998523074528502,-0.12757264085500808,-0.029566121724119543,0.24390243902439024,2.5373251190540698,0.14582897143743367,True,wf2_train_rs_90_bre1.4_sto0.1_max4,
wf2_train,2022-01-03,2023-06-30,90,1.4,0.1,6,50,-0.32840051975590123,-0.026736992329793652,-0.1101562156807876,-0.03948883664321834,0.22,2.403823658078941,0.12798073102151614,True,wf2_train_rs_90_bre1.4_sto0.1_max6,
wf2_train,2022-01-03,2023-06-30,90,1.4,0.1,8,56,-0.49364368108220524,-0.02887047653237096,-0.09334199264138066,-0.04261736025645457,0.21428571428571427,2.321840974002887,0.0994515402572226,True,wf2_train_rs_90_bre1.4_sto0.1_max8,
wf2_train,2022-01-03,2023-06-30,90,1.4,0.1,12,57,-0.523069737345614,-0.02055286122969402,-0.06525110604218431,-0.03040162359484766,0.21052631578947367,2.321344955486913,0.06775053925495922,True,wf2_train_rs_90_bre1.4_sto0.1_max12,
wf2_train,2022-01-03,2023-06-30,90,1.6,0.06,4,38,-0.02271811674412209,-0.004307284569394998,-0.10360880170815678,-0.0063967211832179904,0.21052631578947367,2.8575986181385136,0.11818082750397294,True,wf2_train_rs_90_bre1.6_sto0.06_max4,
wf2_train,2022-01-03,2023-06-30,90,1.6,0.06,6,47,-0.40469819717885136,-0.024766086915154806,-0.09959313536061476,-0.03659574987791725,0.19148936170212766,2.7890503488488347,0.09759504761591552,True,wf2_train_rs_90_bre1.6_sto0.06_max6,
wf2_train,2022-01-03,2023-06-30,90,1.6,0.06,8,48,-0.4169927451701839,-0.018606991886070623,-0.0736958324591287,-0.027536495903776825,0.1875,2.7865669053649915,0.07030919830310939,True,wf2_train_rs_90_bre1.6_sto0.06_max8,
wf2_train,2022-01-03,2023-06-30,90,1.6,0.06,12,48,-0.4200865156527935,-0.012349105008353511,-0.04969645765824471,-0.01830355080357038,0.1875,2.7767209194457756,0.04675345211512076,True,wf2_train_rs_90_bre1.6_sto0.06_max12,
wf2_train,2022-01-03,2023-06-30,90,1.6,0.08,4,38,-0.16261888287630277,-0.014758929110942676,-0.10485328728119403,-0.021862408967201596,0.21052631578947367,2.647073062501083,0.11931179734914187,True,wf2_train_rs_90_bre1.6_sto0.08_max4,
wf2_train,2022-01-03,2023-06-30,90,1.6,0.08,6,46,-0.498762137580597,-0.030254931113936512,-0.10293538507764965,-0.044645724721565916,0.1956521739130435,2.5880098187992386,0.09932888507072793,True,wf2_train_rs_90_bre1.6_sto0.08_max6,
wf2_train,2022-01-03,2023-06-30,90,1.6,0.08,8,47,-0.5163068156820311,-0.022901152364986688,-0.07624447287668323,-0.03385559612683542,0.19148936170212766,2.590741842357723,0.07149446395833373,True,wf2_train_rs_90_bre1.6_sto0.08_max8,
wf2_train,2022-01-03,2023-06-30,90,1.6,0.08,12,47,-0.5169085166773209,-0.015164855751838124,-0.051547735310801035,-0.022461469981823634,0.19148936170212766,2.5820386279949497,0.04759240250873616,True,wf2_train_rs_90_bre1.6_sto0.08_max12,
wf2_train,2022-01-03,2023-06-30,90,1.6,0.1,4,38,-0.27755687244609073,-0.023501265959906537,-0.10523321180477496,-0.03473762275519998,0.21052631578947367,2.500702415013981,0.12157616302586488,True,wf2_train_rs_90_bre1.6_sto0.1_max4,
wf2_train,2022-01-03,2023-06-30,90,1.6,0.1,6,46,-0.6310994914021313,-0.038311665348035095,-0.1096935697216943,-0.05642166000564719,0.1956521739130435,2.4505846224281043,0.10117958413239986,True,wf2_train_rs_90_bre1.6_sto0.1_max6,
wf2_train,2022-01-03,2023-06-30,90,1.6,0.1,8,47,-0.6498526287838076,-0.02896636072831038,-0.08151538125366131,-0.04275788557949678,0.19148936170212766,2.456448092912441,0.07283717433478133,True,wf2_train_rs_90_bre1.6_sto0.1_max8,
wf2_train,2022-01-03,2023-06-30,90,1.6,0.1,12,47,-0.6481096548353541,-0.019167198208164704,-0.054924500633654394,-0.02836163588355778,0.19148936170212766,2.448553458672691,0.04848507892671506,True,wf2_train_rs_90_bre1.6_sto0.1_max12,
wf2_test,2023-07-03,2023-12-29,70,1.2,0.1,4,6,1.6343134388223153,0.1749353355040355,-0.05860847866161856,0.0822114245888701,0.5,2.0506866793507053,0.47586685345939456,True,wf2_test_rs_70_bre1.2_sto0.1_max4,
wf3_train,2022-01-03,2023-12-29,70,1.2,0.06,4,93,0.22490633225601403,0.015117931024375864,-0.0830721964404042,0.030231612032079358,0.3225806451612903,2.171239650224092,0.2808261203006046,True,wf3_train_rs_70_bre1.2_sto0.06_max4,
wf3_train,2022-01-03,2023-12-29,70,1.2,0.06,6,125,-0.3433574973193147,-0.025319597315531794,-0.1038847779417511,-0.049631173034966225,0.304,1.931839579427008,0.24189239859477735,True,wf3_train_rs_70_bre1.2_sto0.06_max6,
wf3_train,2022-01-03,2023-12-29,70,1.2,0.06,8,146,-0.49551657068333455,-0.031524085744846,-0.10942398713461943,-0.06160188705093039,0.3013698630136986,1.9357114385966052,0.2114834932458422,True,wf3_train_rs_70_bre1.2_sto0.06_max8,
wf3_train,2022-01-03,2023-12-29,70,1.2,0.06,12,162,-0.36457153940924936,-0.01994004227229429,-0.07958548760622008,-0.039191115166516965,0.2962962962962963,1.9851577277693981,0.1852415363793917,True,wf3_train_rs_70_bre1.2_sto0.06_max12,
wf3_train,2022-01-03,2023-12-29,70,1.2,0.08,4,81,0.6002404941132237,0.05760794500552713,-0.11303914635857526,0.11759158636476164,0.35802469135802467,2.221868499245626,0.2989431569433109,True,wf3_train_rs_70_bre1.2_sto0.08_max4,
wf3_train,2022-01-03,2023-12-29,70,1.2,0.08,6,108,0.05572011515261325,0.0014027798179530038,-0.08205287512521442,0.002786359879593636,0.32407407407407407,2.1129994657597746,0.2496791437837273,True,wf3_train_rs_70_bre1.2_sto0.08_max6,
wf3_train,2022-01-03,2023-12-29,70,1.2,0.08,8,127,-0.17006465615797403,-0.01348642709477288,-0.10449244637415989,-0.026591964994432615,0.2992125984251969,2.108935563369245,0.2167251169312579,True,wf3_train_rs_70_bre1.2_sto0.08_max8,
wf3_train,2022-01-03,2023-12-29,70,1.2,0.08,12,152,-0.43812739484364044,-0.02496395480057545,-0.08012754155207324,-0.04894272774043884,0.3092105263157895,1.8884946717618953,0.19106948654635578,True,wf3_train_rs_70_bre1.2_sto0.08_max12,
wf3_train,2022-01-03,2023-12-29,70,1.2,0.1,4,77,0.7033746329933367,0.07109781146421623,-0.0836917707613749,0.1460645824110578,0.37662337662337664,2.20348684310489,0.3277571031732859,True,wf3_train_rs_70_bre1.2_sto0.1_max4,
wf3_train,2022-01-03,2023-12-29,70,1.2,0.1,6,106,0.08901043714243224,0.003886141173001345,-0.08216138804378992,0.007728526538007596,0.330188679245283,2.065885771149214,0.2541482251929708,True,wf3_train_rs_70_bre1.2_sto0.1_max6,
wf3_train,2022-01-03,2023-12-29,70,1.2,0.1,8,126,-0.18895459335452455,-0.015959413825389346,-0.11097297019260677,-0.031429509185524784,0.30158730158730157,2.084240106700733,0.23337241864072694,True,wf3_train_rs_70_bre1.2_sto0.1_max8,
wf3_train,2022-01-03,2023-12-29,70,1.2,0.1,12,154,-0.36037924764344403,-0.02011430726459784,-0.08450384519873289,-0.03953019680018788,0.3051948051948052,1.8908548018274525,0.1845006672669701,True,wf3_train_rs_70_bre1.2_sto0.1_max12,
wf3_train,2022-01-03,2023-12-29,70,1.4,0.06,4,71,-0.1506431956714252,-0.01276256232608175,-0.08834375058491017,-0.025173711085099915,0.28169014084507044,2.299920870249149,0.21853505180896368,True,wf3_train_rs_70_bre1.4_sto0.06_max4,
wf3_train,2022-01-03,2023-12-29,70,1.4,0.06,6,92,-0.065092919361631,-0.006547113467690213,-0.10856092159253183,-0.012953736589290221,0.2717391304347826,2.2810096126047372,0.2187281101552571,True,wf3_train_rs_70_bre1.4_sto0.06_max6,
wf3_train,2022-01-03,2023-12-29,70,1.4,0.06,8,121,-0.574141276736684,-0.03589755865397737,-0.11469970428828946,-0.06999466228463325,0.2727272727272727,1.9482536436606146,0.18997305635325917,True,wf3_train_rs_70_bre1.4_sto0.06_max8,
wf3_train,2022-01-03,2023-12-29,70,1.4,0.06,12,129,-0.49682471656623994,-0.025006083409059743,-0.08122995379611009,-0.04902429232999095,0.2713178294573643,1.9708257076398303,0.15406874471399493,True,wf3_train_rs_70_bre1.4_sto0.06_max12,
wf3_train,2022-01-03,2023-12-29,70,1.4,0.08,4,70,-0.2306698799119712,-0.018363534339204124,-0.09663524716519178,-0.0361208759980024,0.2857142857142857,2.18599439063741,0.21971091501566584,True,wf3_train_rs_70_bre1.4_sto0.08_max4,
wf3_train,2022-01-03,2023-12-29,70,1.4,0.08,6,86,0.2171265514295485,0.013260757271756907,-0.11469021907020971,0.026493715980346,0.29069767441860467,2.1670754234491163,0.25850172502289964,True,wf3_train_rs_70_bre1.4_sto0.08_max6,
wf3_train,2022-01-03,2023-12-29,70,1.4,0.08,8,119,-0.6259131428493357,-0.03915317548219677,-0.12200524882785324,-0.07621795863850422,0.2773109243697479,1.8730104721291285,0.19155333177212314,True,wf3_train_rs_70_bre1.4_sto0.08_max8,
wf3_train,2022-01-03,2023-12-29,70,1.4,0.08,12,129,-0.5957019125194647,-0.026537069368383293,-0.08508306310721447,-0.051986056896337285,0.2713178294573643,1.9147933580816996,0.14316274186650532,True,wf3_train_rs_70_bre1.4_sto0.08_max12,
wf3_train,2022-01-03,2023-12-29,70,1.4,0.1,4,68,-0.007290209529859927,-0.004219994293413687,-0.1264010215399206,-0.008359034658043552,0.29411764705882354,2.150332445011542,0.2791026920825665,True,wf3_train_rs_70_bre1.4_sto0.1_max4,
wf3_train,2022-01-03,2023-12-29,70,1.4,0.1,6,84,0.2586529490140132,0.01747230414162515,-0.12119710125134786,0.03497990168756804,0.2976190476190476,2.127887888238908,0.2992938502042407,True,wf3_train_rs_70_bre1.4_sto0.1_max6,
wf3_train,2022-01-03,2023-12-29,70,1.4,0.1,8,102,-0.1185246796965063,-0.009417985267929141,-0.08943038116751711,-0.018607443669202306,0.3137254901960784,1.9163105057622212,0.2188872576117771,True,wf3_train_rs_70_bre1.4_sto0.1_max8,
wf3_train,2022-01-03,2023-12-29,70,1.4,0.1,12,117,-0.3162127777221898,-0.017506642682144857,-0.07559648417546827,-0.034450046073599916,0.29914529914529914,1.9192631324058007,0.17204488395929016,True,wf3_train_rs_70_bre1.4_sto0.1_max12,
wf3_train,2022-01-03,2023-12-29,70,1.6,0.06,4,60,-0.05225356561855268,-0.005326205353153757,-0.09849853696903754,-0.010544476094978439,0.2833333333333333,2.4163394355278163,0.19155851934574125,True,wf3_train_rs_70_bre1.6_sto0.06_max4,
wf3_train,2022-01-03,2023-12-29,70,1.6,0.06,6,81,-0.5418240664681545,-0.031476124502409775,-0.10363102645984157,-0.061509641145094385,0.2716049382716049,2.2375308860040377,0.17690389759331476,True,wf3_train_rs_70_bre1.6_sto0.06_max6,
wf3_train,2022-01-03,2023-12-29,70,1.6,0.06,8,93,-0.1455409506133653,-0.009900903440713038,-0.07401723032506335,-0.019556887707223636,0.3010752688172043,2.208408502361584,0.18637961278772047,True,wf3_train_rs_70_bre1.6_sto0.06_max8,
wf3_train,2022-01-03,2023-12-29,70,1.6,0.06,12,98,-0.1853126675056866,-0.0081277335689669,-0.05188753619441522,-0.016068500202123248,0.29591836734693877,2.1468565016944225,0.12574368643683026,True,wf3_train_rs_70_bre1.6_sto0.06_max12,
wf3_train,2022-01-03,2023-12-29,70,1.6,0.08,4,62,-0.25102196709506885,-0.017853578648692192,-0.11801442099212223,-0.035126700147850354,0.27419354838709675,2.3084752567422075,0.1915390781048956,True,wf3_train_rs_70_bre1.6_sto0.08_max4,
wf3_train,2022-01-03,2023-12-29,70,1.6,0.08,6,74,0.13213808205913338,0.007242158188524028,-0.11013093106959948,0.01442653092517987,0.28378378378378377,2.0025327797937753,0.2490892578298548,True,wf3_train_rs_70_bre1.6_sto0.08_max6,
wf3_train,2022-01-03,2023-12-29,70,1.6,0.08,8,88,0.32400174405449794,0.022063293470385714,-0.07927396332436198,0.044270150381884754,0.3181818181818182,2.0752716537981932,0.2579450909472804,True,wf3_train_rs_70_bre1.6_sto0.08_max8,
wf3_train,2022-01-03,2023-12-29,70,1.6,0.08,12,98,-0.35520122909138213,-0.015978829748100498,-0.055505859756198594,-0.031467442415050506,0.29591836734693877,2.0185367516520945,0.13288795217543228,True,wf3_train_rs_70_bre1.6_sto0.08_max12,
wf3_train,2022-01-03,2023-12-29,70,1.6,0.1,4,61,-0.4143974413680503,-0.028504012754336228,-0.13452585982604415,-0.0557844733288555,0.2786885245901639,2.1389929573475195,0.1948847458420521,True,wf3_train_rs_70_bre1.6_sto0.1_max4,
wf3_train,2022-01-03,2023-12-29,70,1.6,0.1,6,74,0.007938882818660802,-0.0023983123929292027,-0.12331107156262067,-0.00475488786534406,0.28378378378378377,1.8843125616687821,0.25234156850984035,True,wf3_train_rs_70_bre1.6_sto0.1_max6,
wf3_train,2022-01-03,2023-12-29,70,1.6,0.1,8,88,0.22622986120614122,0.01475662107525233,-0.08609700121803943,0.029503882594306807,0.3181818181818182,1.963053044747917,0.26358700184591927,True,wf3_train_rs_70_bre1.6_sto0.1_max8,
wf3_train,2022-01-03,2023-12-29,70,1.6,0.1,12,97,-0.3478178461298673,-0.01827584993939424,-0.06024727438935207,-0.035949968502165586,0.29896907216494845,1.9227234682872982,0.1454890330403261,True,wf3_train_rs_70_bre1.6_sto0.1_max12,
wf3_train,2022-01-03,2023-12-29,80,1.2,0.06,4,98,-0.3078966379364145,-0.02738947435362693,-0.16371644384276474,-0.05363308780103604,0.2857142857142857,2.0509564934161406,0.24756346506843838,True,wf3_train_rs_80_bre1.2_sto0.06_max4,
wf3_train,2022-01-03,2023-12-29,80,1.2,0.06,6,121,-0.3500546308267242,-0.026115033206523308,-0.10902617967841799,-0.05117006571009308,0.2975206611570248,2.0184052075373473,0.21319504261772068,True,wf3_train_rs_80_bre1.2_sto0.06_max6,
wf3_train,2022-01-03,2023-12-29,80,1.2,0.06,8,137,-0.6320688700628099,-0.04068616787425072,-0.10961191139227999,-0.07914118043216445,0.291970802919708,1.9841923096409804,0.20762983865695658,True,wf3_train_rs_80_bre1.2_sto0.06_max8,
wf3_train,2022-01-03,2023-12-29,80,1.2,0.06,12,143,-0.33460324041654366,-0.018460456907156697,-0.0786396864336345,-0.036309772305049504,0.2937062937062937,1.9728272799681914,0.16038001392111226,True,wf3_train_rs_80_bre1.2_sto0.06_max12,
wf3_train,2022-01-03,2023-12-29,80,1.2,0.08,4,81,0.044716756108424426,0.00040381200720251975,-0.1194235129032285,0.0008017027399129795,0.2962962962962963,2.305662965686859,0.2463054348770212,True,wf3_train_rs_80_bre1.2_sto0.08_max4,
wf3_train,2022-01-03,2023-12-29,80,1.2,0.08,6,102,0.010237329542883762,-0.001757140938638213,-0.08082836065194521,-0.0034848043521508165,0.3235294117647059,2.1431840665390967,0.22317699518599304,True,wf3_train_rs_80_bre1.2_sto0.08_max6,
wf3_train,2022-01-03,2023-12-29,80,1.2,0.08,8,120,-0.42610118029377253,-0.02956652170247631,-0.09533298775779642,-0.05783316464393562,0.2833333333333333,2.15564450324044,0.20903095499365806,True,wf3_train_rs_80_bre1.2_sto0.08_max8,
wf3_train,2022-01-03,2023-12-29,80,1.2,0.08,12,129,-0.30959781826978655,-0.017626173582944382,-0.07275720891843207,-0.03468320233224964,0.2868217054263566,2.0873552644574684,0.16452855834802055,True,wf3_train_rs_80_bre1.2_sto0.08_max12,
wf3_train,2022-01-03,2023-12-29,80,1.2,0.1,4,73,0.15835505681962625,0.011578357965233987,-0.19304246140666692,0.023113404905696022,0.3287671232876712,2.269235023928235,0.2798992148542223,True,wf3_train_rs_80_bre1.2_sto0.1_max4,
wf3_train,2022-01-03,2023-12-29,80,1.2,0.1,6,99,-0.0014414828533811314,-0.002847771441789382,-0.0883915616479658,-0.005644732973775546,0.32323232323232326,2.0984655463219672,0.23397224647927434,True,wf3_train_rs_80_bre1.2_sto0.1_max6,
wf3_train,2022-01-03,2023-12-29,80,1.2,0.1,8,117,-0.2949272830053372,-0.023163896916737814,-0.1067925673319785,-0.045454418984157474,0.2905982905982906,2.103609646393235,0.2316631252493023,True,wf3_train_rs_80_bre1.2_sto0.1_max8,
wf3_train,2022-01-03,2023-12-29,80,1.2,0.1,12,125,-0.3663079774194936,-0.02078164233921398,-0.07803142274852448,-0.040828136002168613,0.288,2.0237976578123025,0.16538744097122296,True,wf3_train_rs_80_bre1.2_sto0.1_max12,
wf3_train,2022-01-03,2023-12-29,80,1.4,0.06,4,71,-0.2773473261508289,-0.02128961313040978,-0.10463701290947436,-0.041815534456654424,0.2676056338028169,2.322283756330429,0.19664464280348753,True,wf3_train_rs_80_bre1.4_sto0.06_max4,
wf3_train,2022-01-03,2023-12-29,80,1.4,0.06,6,98,-0.7298514551148757,-0.04705473686403616,-0.12469050274044613,-0.09123600991415837,0.25510204081632654,2.244668625980062,0.17664362396462252,True,wf3_train_rs_80_bre1.4_sto0.06_max6,
wf3_train,2022-01-03,2023-12-29,80,1.4,0.06,8,106,-0.1487909615439029,-0.010949892412700057,-0.08779850003465484,-0.021617687401353614,0.27358490566037735,2.254127691323596,0.18704870539966453,True,wf3_train_rs_80_bre1.4_sto0.06_max8,
wf3_train,2022-01-03,2023-12-29,80,1.4,0.06,12,111,-0.3008946122777929,-0.013910267565388268,-0.061910481707332154,-0.027421911628647377,0.26126126126126126,2.2544667327267316,0.13086770320911784,True,wf3_train_rs_80_bre1.4_sto0.06_max12,
wf3_train,2022-01-03,2023-12-29,80,1.4,0.08,4,71,-0.38012258130373017,-0.02796963424326515,-0.1170493082799311,-0.05475326948617443,0.2676056338028169,2.217516765634327,0.1973399496951226,True,wf3_train_rs_80_bre1.4_sto0.08_max4,
wf3_train,2022-01-03,2023-12-29,80,1.4,0.08,6,93,-0.3315120890573625,-0.025233455666130777,-0.132409620283239,-0.04946444454547849,0.25806451612903225,2.078469314071665,0.20915290303383802,True,wf3_train_rs_80_bre1.4_sto0.08_max6,
wf3_train,2022-01-03,2023-12-29,80,1.4,0.08,8,104,-0.1962652123397895,-0.013877425282139755,-0.09379332191534295,-0.027357613802253655,0.27884615384615385,2.1455123217631313,0.18551866938592104,True,wf3_train_rs_80_bre1.4_sto0.08_max8,
wf3_train,2022-01-03,2023-12-29,80,1.4,0.08,12,111,-0.46927478966196035,-0.021890159821831734,-0.06613196850222447,-0.04298223185987127,0.26126126126126126,2.1356070898673707,0.13394410948003038,True,wf3_train_rs_80_bre1.4_sto0.08_max12,
wf3_train,2022-01-03,2023-12-29,80,1.4,0.1,4,67,-0.4423996971432347,-0.03262537737944715,-0.12535912968343899,-0.06371881046223482,0.2835820895522388,2.0569196866939166,0.2007393203802531,True,wf3_train_rs_80_bre1.4_sto0.1_max4,
wf3_train,2022-01-03,2023-12-29,80,1.4,0.1,6,87,-0.32348221413199885,-0.026984196787249726,-0.12884538104333076,-0.05285018104580319,0.28735632183908044,1.9508974889101094,0.220368667525278,True,wf3_train_rs_80_bre1.4_sto0.1_max6,
wf3_train,2022-01-03,2023-12-29,80,1.4,0.1,8,96,-0.266439517629232,-0.01944373795340648,-0.09640220141789502,-0.038225089878074825,0.2916666666666667,2.020417328852199,0.19780705507116966,True,wf3_train_rs_80_bre1.4_sto0.1_max8,
wf3_train,2022-01-03,2023-12-29,80,1.4,0.1,12,107,-0.5830404519800347,-0.025656302722314117,-0.0784599125653056,-0.050282732307866396,0.2616822429906542,2.0637722270208116,0.12896484879974418,True,wf3_train_rs_80_bre1.4_sto0.1_max12,
wf3_train,2022-01-03,2023-12-29,80,1.6,0.06,4,60,-0.45630249294189734,-0.030559631262885634,-0.11593531029365967,-0.05974604609395917,0.25,2.479268580021946,0.15516756008367286,True,wf3_train_rs_80_bre1.6_sto0.06_max4,
wf3_train,2022-01-03,2023-12-29,80,1.6,0.06,6,75,-0.5178226932443892,-0.029085104409782292,-0.09817137665171183,-0.05690518681853285,0.25333333333333335,2.3782170073869455,0.14975103209278143,True,wf3_train_rs_80_bre1.6_sto0.06_max6,
wf3_train,2022-01-03,2023-12-29,80,1.6,0.06,8,83,-0.13433392071128594,-0.008545016700482577,-0.07167324037382028,-0.01688998161199662,0.2891566265060241,2.2720157697880285,0.15261174872415223,True,wf3_train_rs_80_bre1.6_sto0.06_max8,
wf3_train,2022-01-03,2023-12-29,80,1.6,0.06,12,84,-0.19566000751445953,-0.007628948788533596,-0.04821052328961328,-0.015086124455671812,0.2857142857142857,2.2637201142443875,0.10303328872985862,True,wf3_train_rs_80_bre1.6_sto0.06_max12,
wf3_train,2022-01-03,2023-12-29,80,1.6,0.08,4,60,-0.5695570279277412,-0.03704414054526495,-0.12537282393061677,-0.07218878384029037,0.25,2.3620594028052144,0.15567434973141286,True,wf3_train_rs_80_bre1.6_sto0.08_max4,
wf3_train,2022-01-03,2023-12-29,80,1.6,0.08,6,74,-0.10656878746486548,-0.010572425755880244,-0.10306755066827211,-0.020876380074691503,0.2702702702702703,2.1667421536305858,0.20831696246989004,True,wf3_train_rs_80_bre1.6_sto0.08_max6,
wf3_train,2022-01-03,2023-12-29,80,1.6,0.08,8,83,-0.2776990844821044,-0.0175183087237194,-0.07559601249544678,-0.0344728030147744,0.2891566265060241,2.139360456607276,0.1632374483596606,True,wf3_train_rs_80_bre1.6_sto0.08_max8,
wf3_train,2022-01-03,2023-12-29,80,1.6,0.08,12,84,-0.33668541441973365,-0.013809249127129775,-0.0508338089115018,-0.027224133444159415,0.2857142857142857,2.1385826035486106,0.11145947180476526,True,wf3_train_rs_80_bre1.6_sto0.08_max12,
wf3_train,2022-01-03,2023-12-29,80,1.6,0.1,4,59,-0.6897254344622687,-0.044881451259148775,-0.13853193548309806,-0.08711754634517477,0.2542372881355932,2.209018322490622,0.1579560112533365,True,wf3_train_rs_80_bre1.6_sto0.1_max4,
wf3_train,2022-01-03,2023-12-29,80,1.6,0.1,6,74,-0.1834772813969153,-0.016424993755598694,-0.11188518029901584,-0.032338917773584885,0.2702702702702703,2.0656583978171827,0.2116478017228889,True,wf3_train_rs_80_bre1.6_sto0.1_max6,
wf3_train,2022-01-03,2023-12-29,80,1.6,0.1,8,83,-0.3104617859362179,-0.02337223371382713,-0.08238376554787963,-0.04585847643218166,0.2891566265060241,2.034785576453993,0.18326161716601294,True,wf3_train_rs_80_bre1.6_sto0.1_max8,
wf3_train,2022-01-03,2023-12-29,80,1.6,0.1,12,83,-0.3188851145346083,-0.015485403541723897,-0.05561354073320446,-0.030503198273835186,0.2891566265060241,2.028502343653909,0.12207573176868293,True,wf3_train_rs_80_bre1.6_sto0.1_max12,
wf3_train,2022-01-03,2023-12-29,90,1.2,0.06,4,81,-0.03881986850716119,-0.005481009604487719,-0.06645522481190969,-0.010850118056875635,0.2962962962962963,2.4683212667132644,0.1832266073828578,True,wf3_train_rs_90_bre1.2_sto0.06_max4,
wf3_train,2022-01-03,2023-12-29,90,1.2,0.06,6,102,-0.5809110935118055,-0.03282109849906312,-0.0749808237347277,-0.06409478099440757,0.2647058823529412,2.3734557513497814,0.14862872758113388,True,wf3_train_rs_90_bre1.2_sto0.06_max6,
wf3_train,2022-01-03,2023-12-29,90,1.2,0.06,8,107,-0.5149182622945103,-0.02343247744152832,-0.06411351396465259,-0.04597529991632565,0.27102803738317754,2.2947023008614993,0.12873776475526302,True,wf3_train_rs_90_bre1.2_sto0.06_max8,
wf3_train,2022-01-03,2023-12-29,90,1.2,0.06,12,111,-0.47763657745220217,-0.017231040999579728,-0.05230788510047102,-0.03391235260345682,0.2702702702702703,2.286561289879839,0.09767896088401318,True,wf3_train_rs_90_bre1.2_sto0.06_max12,
wf3_train,2022-01-03,2023-12-29,90,1.2,0.08,4,66,0.30204333031520003,0.02429808425983615,-0.127082433734378,0.04880734203283721,0.3181818181818182,2.557141828131098,0.2045353497118855,True,wf3_train_rs_90_bre1.2_sto0.08_max4,
wf3_train,2022-01-03,2023-12-29,90,1.2,0.08,6,88,-0.2856888442232226,-0.018033504451011484,-0.07282485055298715,-0.0354775296415244,0.2840909090909091,2.389888260890103,0.1542238668649081,True,wf3_train_rs_90_bre1.2_sto0.08_max6,
wf3_train,2022-01-03,2023-12-29,90,1.2,0.08,8,93,-0.3815219052360934,-0.018261779892817298,-0.06894547954892893,-0.03592254288048524,0.26881720430107525,2.349493717001749,0.13134099119686674,True,wf3_train_rs_90_bre1.2_sto0.08_max8,
wf3_train,2022-01-03,2023-12-29,90,1.2,0.08,12,95,-0.36841172910859327,-0.014998953565652062,-0.05271895007049043,-0.029552120891817135,0.2631578947368421,2.3458698232524915,0.10987995413438693,True,wf3_train_rs_90_bre1.2_sto0.08_max12,
wf3_train,2022-01-03,2023-12-29,90,1.2,0.1,4,65,0.054620514475482725,0.00012217911225609335,-0.17178549090938722,0.00024253302177190683,0.3076923076923077,2.5890429508368618,0.21097254042609195,True,wf3_train_rs_90_bre1.2_sto0.1_max4,
wf3_train,2022-01-03,2023-12-29,90,1.2,0.1,6,86,-0.17081139009582005,-0.014783244656783379,-0.10177599461290865,-0.029130231871947188,0.26744186046511625,2.4052326912464013,0.1675565634226044,True,wf3_train_rs_90_bre1.2_sto0.1_max6,
wf3_train,2022-01-03,2023-12-29,90,1.2,0.1,8,92,-0.2604268948986832,-0.015901089205057395,-0.09154966059942338,-0.03131555491609661,0.2608695652173913,2.335731303102908,0.14129395525160354,True,wf3_train_rs_90_bre1.2_sto0.1_max8,
wf3_train,2022-01-03,2023-12-29,90,1.2,0.1,12,94,-0.3166034955141159,-0.0151408776571903,-0.06825147734249182,-0.029829650045044453,0.2553191489361702,2.3098626772604613,0.11697017676656486,True,wf3_train_rs_90_bre1.2_sto0.1_max12,
wf3_train,2022-01-03,2023-12-29,90,1.4,0.06,4,60,0.12737314441816255,0.005885422318181455,-0.07084619478128529,0.011716079633598886,0.3333333333333333,2.396773100948964,0.14989004805104789,True,wf3_train_rs_90_bre1.4_sto0.06_max4,
wf3_train,2022-01-03,2023-12-29,90,1.4,0.06,6,78,-0.6669643941480782,-0.03466165642647212,-0.09032024064543331,-0.06762673565855681,0.2692307692307692,2.365805327594355,0.12798425900676627,True,wf3_train_rs_90_bre1.4_sto0.06_max6,
wf3_train,2022-01-03,2023-12-29,90,1.4,0.06,8,84,-0.7412812324681378,-0.028478915880297606,-0.07287940046455843,-0.055736055750437274,0.2619047619047619,2.346715214178878,0.10065499923424191,True,wf3_train_rs_90_bre1.4_sto0.06_max8,
wf3_train,2022-01-03,2023-12-29,90,1.4,0.06,12,85,-0.7627474979722433,-0.02006647902424441,-0.05114540980043203,-0.03943713939831839,0.25882352941176473,2.338524537274325,0.06800525759809321,True,wf3_train_rs_90_bre1.4_sto0.06_max12,
wf3_train,2022-01-03,2023-12-29,90,1.4,0.08,4,63,-0.1422865861978636,-0.010512116396250493,-0.09572436726918054,-0.020757912621139574,0.31746031746031744,2.2633520107414684,0.15025222997303364,True,wf3_train_rs_90_bre1.4_sto0.08_max4,
wf3_train,2022-01-03,2023-12-29,90,1.4,0.08,6,78,-0.7397495873011064,-0.03869804766054963,-0.09755627351541563,-0.07534920263575595,0.2692307692307692,2.2752163117976787,0.12851477269843067,True,wf3_train_rs_90_bre1.4_sto0.08_max6,
wf3_train,2022-01-03,2023-12-29,90,1.4,0.08,8,84,-0.806408572453106,-0.03127020568220262,-0.07818022094162613,-0.06111353755575821,0.2619047619047619,2.26371833468378,0.10125061197251047,True,wf3_train_rs_90_bre1.4_sto0.08_max8,
wf3_train,2022-01-03,2023-12-29,90,1.4,0.08,12,85,-0.8216882315342579,-0.0218100709465463,-0.0546145299008014,-0.04282668191488481,0.25882352941176473,2.257203313121733,0.06834524914668698,True,wf3_train_rs_90_bre1.4_sto0.08_max12,
wf3_train,2022-01-03,2023-12-29,90,1.4,0.1,4,56,0.20338375984524243,0.013947961765512051,-0.12757264085500808,0.02787605279350358,0.35714285714285715,2.2338785546044106,0.1793254019219871,True,wf3_train_rs_90_bre1.4_sto0.1_max4,
wf3_train,2022-01-03,2023-12-29,90,1.4,0.1,6,70,-0.2866264661362096,-0.02223933456396454,-0.1101562156807876,-0.0436602582802752,0.2857142857142857,2.2174552357223347,0.150078387691948,True,wf3_train_rs_90_bre1.4_sto0.1_max6,
wf3_train,2022-01-03,2023-12-29,90,1.4,0.1,8,79,-0.424513960144704,-0.023392170204091456,-0.09334199264138066,-0.045897137678472255,0.27848101265822783,2.1626592804872447,0.11885497446011968,True,wf3_train_rs_90_bre1.4_sto0.1_max8,
wf3_train,2022-01-03,2023-12-29,90,1.4,0.1,12,80,-0.4493664867978898,-0.016519388885193886,-0.06525110604218431,-0.032523246334663414,0.275,2.158959047035057,0.08004456955639005,True,wf3_train_rs_90_bre1.4_sto0.1_max12,
wf3_train,2022-01-03,2023-12-29,90,1.6,0.06,4,51,-0.08733237593164858,-0.00842512306662746,-0.10360880170815678,-0.01665398873762769,0.27450980392156865,2.5005260432723566,0.14666571783279206,True,wf3_train_rs_90_bre1.6_sto0.06_max4,
wf3_train,2022-01-03,2023-12-29,90,1.6,0.06,6,64,-0.2515454301431817,-0.015387442007972041,-0.09959313536061476,-0.03031170705643016,0.265625,2.4210588297035582,0.12301646834355527,True,wf3_train_rs_90_bre1.6_sto0.06_max6,
wf3_train,2022-01-03,2023-12-29,90,1.6,0.06,8,66,-0.30547052839176436,-0.013391907777117296,-0.0736958324591287,-0.026406833326844015,0.25757575757575757,2.417811756609424,0.09159770781978341,True,wf3_train_rs_90_bre1.6_sto0.06_max8,
wf3_train,2022-01-03,2023-12-29,90,1.6,0.06,12,66,-0.3082816097232178,-0.008845903259794174,-0.04969645765824471,-0.017482108495893822,0.25757575757575757,2.4097704132688347,0.06096045681725816,True,wf3_train_rs_90_bre1.6_sto0.06_max12,
wf3_train,2022-01-03,2023-12-29,90,1.6,0.08,4,51,-0.19679373202359116,-0.0162237947682341,-0.10485328728119403,-0.031945971557270414,0.27450980392156865,2.345492910303495,0.14745574357790378,True,wf3_train_rs_90_bre1.6_sto0.08_max4,
wf3_train,2022-01-03,2023-12-29,90,1.6,0.08,6,63,-0.32594286809045303,-0.019548210969018376,-0.10293538507764965,-0.038428480090799466,0.2698412698412698,2.2770420812894274,0.12422254582101278,True,wf3_train_rs_90_bre1.6_sto0.08_max6,
wf3_train,2022-01-03,2023-12-29,90,1.6,0.08,8,65,-0.38458312788511234,-0.016687183652162374,-0.07624447287668323,-0.03285086183311836,0.26153846153846155,2.279751651188247,0.09246118922338331,True,wf3_train_rs_90_bre1.6_sto0.08_max8,
wf3_train,2022-01-03,2023-12-29,90,1.6,0.08,12,65,-0.3873711716961093,-0.011056465458932685,-0.051547735310801035,-0.021826935930222335,0.26153846153846155,2.272479569043878,0.06158987951201169,True,wf3_train_rs_90_bre1.6_sto0.08_max12,
wf3_train,2022-01-03,2023-12-29,90,1.6,0.1,4,51,-0.2865646158445794,-0.022718207458437556,-0.10523321180477496,-0.04458974441702679,0.27450980392156865,2.23537443589371,0.14921013137972133,True,wf3_train_rs_90_bre1.6_sto0.1_max4,
wf3_train,2022-01-03,2023-12-29,90,1.6,0.1,6,63,-0.4319320485654431,-0.02568277204559577,-0.1096935697216943,-0.050333943745067944,0.2698412698412698,2.175702481005225,0.12565528386683794,True,wf3_train_rs_90_bre1.6_sto0.1_max6,
wf3_train,2022-01-03,2023-12-29,90,1.6,0.1,8,65,-0.490319239809992,-0.02127734116433777,-0.08151538125366131,-0.04179168604070049,0.26153846153846155,2.182212431439478,0.09349790137678876,True,wf3_train_rs_90_bre1.6_sto0.1_max8,
wf3_train,2022-01-03,2023-12-29,90,1.6,0.1,12,65,-0.4891406364554467,-0.014018629120863713,-0.054924500633654394,-0.027634044296063642,0.26153846153846155,2.1755044292161063,0.062277587451893664,True,wf3_train_rs_90_bre1.6_sto0.1_max12,
wf3_test,2024-01-02,2024-06-28,70,1.2,0.1,4,7,2.4306013066210577,0.3420811845805183,-0.06023569885866675,0.15417426728724282,0.5714285714285714,1.346248800181692,0.5014248318857174,True,wf3_test_rs_70_bre1.2_sto0.1_max4,
